ticker_id,ticker,ticker-full,short-name,sector_id,sector,industry_id,industry
1445,ABT,ABT US Equity,ABBOTT LABS,6,Health Care,30,Health Care Equipment & Supplies
1446,ADGM,ADGM US Equity,ADAGIO MEDICAL H,6,Health Care,30,Health Care Equipment & Supplies
1447,ADVB,ADVB US Equity,ADVANCED BIOMED,6,Health Care,30,Health Care Equipment & Supplies
1448,AEMD,AEMD US Equity,AETHLON MEDICAL,6,Health Care,30,Health Care Equipment & Supplies
1449,ALGN,ALGN US Equity,ALIGN TECHNOLOGY,6,Health Care,30,Health Care Equipment & Supplies
1450,AMIX,AMIX US Equity,AUTONOMIX MEDICA,6,Health Care,30,Health Care Equipment & Supplies
1451,ANGO,ANGO US Equity,ANGIODYNAMICS IN,6,Health Care,30,Health Care Equipment & Supplies
1452,AORT,AORT US Equity,ARTIVION INC,6,Health Care,30,Health Care Equipment & Supplies
1453,APYX,APYX US Equity,APYX MEDICAL COR,6,Health Care,30,Health Care Equipment & Supplies
1454,ARAY,ARAY US Equity,ACCURAY INC,6,Health Care,30,Health Care Equipment & Supplies
1455,ATEC,ATEC US Equity,ALPHATEC HOLDING,6,Health Care,30,Health Care Equipment & Supplies
1456,ATRC,ATRC US Equity,ATRICURE INC,6,Health Care,30,Health Care Equipment & Supplies
1457,AVNS,AVNS US Equity,AVANOS MEDICAL I,6,Health Care,30,Health Care Equipment & Supplies
1458,AVR,AVR US Equity,ANTERIS TECHNOLO,6,Health Care,30,Health Care Equipment & Supplies
1459,AXGN,AXGN US Equity,AXOGEN INC,6,Health Care,30,Health Care Equipment & Supplies
1460,BAX,BAX US Equity,BAXTER INTL INC,6,Health Care,30,Health Care Equipment & Supplies
1461,BBNX,BBNX US Equity,BETA BIONICS INC,6,Health Care,30,Health Care Equipment & Supplies
1462,BDX,BDX US Equity,BECTON DICKINSON,6,Health Care,30,Health Care Equipment & Supplies
1463,BEAT,BEAT US Equity,HEARTBEAM INC,6,Health Care,30,Health Care Equipment & Supplies
1464,BFLY,BFLY US Equity,BUTTERFLY NETWOR,6,Health Care,30,Health Care Equipment & Supplies
1465,BJDX,BJDX US Equity,BLUEJAY DIAGNOST,6,Health Care,30,Health Care Equipment & Supplies
1466,BMRA,BMRA US Equity,BIOMERICA INC,6,Health Care,30,Health Care Equipment & Supplies
1467,BSGM,BSGM US Equity,BIOSIG TECHNOLOG,6,Health Care,30,Health Care Equipment & Supplies
1468,BSX,BSX US Equity,BOSTON SCIENTIFC,6,Health Care,30,Health Care Equipment & Supplies
1469,BVS,BVS US Equity,BIOVENTUS - A,6,Health Care,30,Health Care Equipment & Supplies
1470,CBLL,CBLL US Equity,CERIBELL INC,6,Health Care,30,Health Care Equipment & Supplies
1471,CERS,CERS US Equity,CERUS CORP,6,Health Care,30,Health Care Equipment & Supplies
1472,CLPT,CLPT US Equity,CLEARPOINT NEURO,6,Health Care,30,Health Care Equipment & Supplies
1473,CNMD,CNMD US Equity,CONMED CORP,6,Health Care,30,Health Care Equipment & Supplies
1474,COCH,COCH US Equity,ENVOY MEDICAL IN,6,Health Care,30,Health Care Equipment & Supplies
1475,CODX,CODX US Equity,CO-DIAGNOSTICS I,6,Health Care,30,Health Care Equipment & Supplies
1476,COO,COO US Equity,COOPER COS INC,6,Health Care,30,Health Care Equipment & Supplies
1477,CTSO,CTSO US Equity,CYTOSORBENTS COR,6,Health Care,30,Health Care Equipment & Supplies
1478,CVRX,CVRX US Equity,CVRX INC,6,Health Care,30,Health Care Equipment & Supplies
1479,DCTH,DCTH US Equity,DELCATH SYSTEMS,6,Health Care,30,Health Care Equipment & Supplies
1480,DHAI,DHAI US Equity,DIH HOLDINGS US,6,Health Care,30,Health Care Equipment & Supplies
1481,DXCM,DXCM US Equity,DEXCOM,6,Health Care,30,Health Care Equipment & Supplies
1482,DXR,DXR US Equity,DAXOR CORP,6,Health Care,30,Health Care Equipment & Supplies
1483,ECOR,ECOR US Equity,ELECTROCORE INC,6,Health Care,30,Health Care Equipment & Supplies
1484,EKSO,EKSO US Equity,EKSO BIONICS HOL,6,Health Care,30,Health Care Equipment & Supplies
1485,ELMD,ELMD US Equity,ELECTROMED INC,6,Health Care,30,Health Care Equipment & Supplies
1486,EMBC,EMBC US Equity,EMBECTA CORP,6,Health Care,30,Health Care Equipment & Supplies
1487,ENOV,ENOV US Equity,ENOVIS CORP,6,Health Care,30,Health Care Equipment & Supplies
1488,EW,EW US Equity,EDWARDS LIFE,6,Health Care,30,Health Care Equipment & Supplies
1489,FEMY,FEMY US Equity,FEMASYS INC,6,Health Care,30,Health Care Equipment & Supplies
1490,FONR,FONR US Equity,FONAR CORP,6,Health Care,30,Health Care Equipment & Supplies
1491,GEHC,GEHC US Equity,GE HEALTHCARE TE,6,Health Care,30,Health Care Equipment & Supplies
1492,GKOS,GKOS US Equity,GLAUKOS CORP,6,Health Care,30,Health Care Equipment & Supplies
1493,GMED,GMED US Equity,GLOBUS MEDICAL I,6,Health Care,30,Health Care Equipment & Supplies
1494,GUTS,GUTS US Equity,FRACTYL HEALTH I,6,Health Care,30,Health Care Equipment & Supplies
1495,HAE,HAE US Equity,HAEMONETICS CORP,6,Health Care,30,Health Care Equipment & Supplies
1496,HOLX,HOLX US Equity,HOLOGIC INC,6,Health Care,30,Health Care Equipment & Supplies
1497,HSCS,HSCS US Equity,HEARTSCIENCES IN,6,Health Care,30,Health Care Equipment & Supplies
1498,HSDT,HSDT US Equity,HELIUS MEDICAL-A,6,Health Care,30,Health Care Equipment & Supplies
1499,HYPR,HYPR US Equity,HYPERFINE INC,6,Health Care,30,Health Care Equipment & Supplies
1500,IART,IART US Equity,INTEGRA LIFESCIE,6,Health Care,30,Health Care Equipment & Supplies
1501,ICU,ICU US Equity,SEASTAR MEDICAL,6,Health Care,30,Health Care Equipment & Supplies
1502,ICUI,ICUI US Equity,ICU MEDICAL,6,Health Care,30,Health Care Equipment & Supplies
1503,IDXX,IDXX US Equity,IDEXX LABS,6,Health Care,30,Health Care Equipment & Supplies
1504,INBS,INBS US Equity,INTELLIGENT BIO,6,Health Care,30,Health Care Equipment & Supplies
1505,INGN,INGN US Equity,INOGEN INC,6,Health Care,30,Health Care Equipment & Supplies
1506,INSP,INSP US Equity,INSPIRE MEDICAL,6,Health Care,30,Health Care Equipment & Supplies
1507,IRIX,IRIX US Equity,IRIDEX CORP,6,Health Care,30,Health Care Equipment & Supplies
1508,IRMD,IRMD US Equity,IRADIMED CORP,6,Health Care,30,Health Care Equipment & Supplies
1509,IRTC,IRTC US Equity,IRHYTHM TECHNOLO,6,Health Care,30,Health Care Equipment & Supplies
1510,ISRG,ISRG US Equity,INTUITIVE SURGIC,6,Health Care,30,Health Care Equipment & Supplies
1511,ITGR,ITGR US Equity,INTEGER HOLDINGS,6,Health Care,30,Health Care Equipment & Supplies
1512,IVF,IVF US Equity,INVO FERTILITY I,6,Health Care,30,Health Care Equipment & Supplies
1513,KEQU,KEQU US Equity,KEWAUNEE SCI,6,Health Care,30,Health Care Equipment & Supplies
1514,KIDS,KIDS US Equity,ORTHOPEDIATRICS,6,Health Care,30,Health Care Equipment & Supplies
1515,KMTS,KMTS US Equity,KESTRA MEDICAL T,6,Health Care,30,Health Care Equipment & Supplies
1516,KNW,KNW US Equity,KNOW LABS INC,6,Health Care,30,Health Care Equipment & Supplies
1517,KRMD,KRMD US Equity,KORU MEDICAL SYS,6,Health Care,30,Health Care Equipment & Supplies
1518,LMAT,LMAT US Equity,LEMAITRE VASCULA,6,Health Care,30,Health Care Equipment & Supplies
1519,LNSR,LNSR US Equity,LENSAR INC,6,Health Care,30,Health Care Equipment & Supplies
1520,LNTH,LNTH US Equity,LANTHEUS HOLDING,6,Health Care,30,Health Care Equipment & Supplies
1521,LUCD,LUCD US Equity,LUCID DIAGNOSTIC,6,Health Care,30,Health Care Equipment & Supplies
1522,LUCY,LUCY US Equity,INNOVATE EYEWEAR,6,Health Care,30,Health Care Equipment & Supplies
1523,LUNG,LUNG US Equity,PULMONX CORP,6,Health Care,30,Health Care Equipment & Supplies
1524,MASI,MASI US Equity,MASIMO CORP,6,Health Care,30,Health Care Equipment & Supplies
1525,MBOT,MBOT US Equity,MICROBOT MEDICAL,6,Health Care,30,Health Care Equipment & Supplies
1526,MDAI,MDAI US Equity,SPECTRAL AI INC,6,Health Care,30,Health Care Equipment & Supplies
1527,MGRM,MGRM US Equity,MONOGRAM TECHNOL,6,Health Care,30,Health Care Equipment & Supplies
1528,MLSS,MLSS US Equity,MILESTONE SCIENT,6,Health Care,30,Health Care Equipment & Supplies
1529,MMSI,MMSI US Equity,MERIT MEDICAL,6,Health Care,30,Health Care Equipment & Supplies
1530,MODD,MODD US Equity,MODULAR MEDICAL,6,Health Care,30,Health Care Equipment & Supplies
1531,MYO,MYO US Equity,MYOMO INC,6,Health Care,30,Health Care Equipment & Supplies
1532,NAOV,NAOV US Equity,NANOVIBRONIX INC,6,Health Care,30,Health Care Equipment & Supplies
1533,NDRA,NDRA US Equity,ENDRA LIFE SCIEN,6,Health Care,30,Health Care Equipment & Supplies
1534,NEOG,NEOG US Equity,NEOGEN CORP,6,Health Care,30,Health Care Equipment & Supplies
1535,NMTC,NMTC US Equity,NEUROONE MEDICAL,6,Health Care,30,Health Care Equipment & Supplies
1536,NPCE,NPCE US Equity,NEUROPACE INC,6,Health Care,30,Health Care Equipment & Supplies
1537,NRXS,NRXS US Equity,NEURAXIS,6,Health Care,30,Health Care Equipment & Supplies
1538,NUWE,NUWE US Equity,NUWELLIS INC,6,Health Care,30,Health Care Equipment & Supplies
1539,NVNO,NVNO US Equity,ENVVENO MEDICAL,6,Health Care,30,Health Care Equipment & Supplies
1540,NVST,NVST US Equity,ENVISTA HOLDINGS,6,Health Care,30,Health Care Equipment & Supplies
1541,NXGL,NXGL US Equity,NEXGEL INC,6,Health Care,30,Health Care Equipment & Supplies
1542,NXL,NXL US Equity,NEXALIN TECHNOLO,6,Health Care,30,Health Care Equipment & Supplies
1543,OBIO,OBIO US Equity,ORCHESTRA BIOMED,6,Health Care,30,Health Care Equipment & Supplies
1544,OFIX,OFIX US Equity,ORTHOFIX MEDICAL,6,Health Care,30,Health Care Equipment & Supplies
1545,OM,OM US Equity,OUTSET MEDICAL I,6,Health Care,30,Health Care Equipment & Supplies
1546,OMCL,OMCL US Equity,OMNICELL INC,6,Health Care,30,Health Care Equipment & Supplies
1547,OSUR,OSUR US Equity,ORASURE TECH,6,Health Care,30,Health Care Equipment & Supplies
1548,OWLT,OWLT US Equity,OWLET INC,6,Health Care,30,Health Care Equipment & Supplies
1549,PAVM,PAVM US Equity,PAVMED INC,6,Health Care,30,Health Care Equipment & Supplies
1550,PDEX,PDEX US Equity,PRO-DEX INC,6,Health Care,30,Health Care Equipment & Supplies
1551,PEN,PEN US Equity,PENUMBRA INC,6,Health Care,30,Health Care Equipment & Supplies
1552,PLSE,PLSE US Equity,PULSE BIOSCIENCE,6,Health Care,30,Health Care Equipment & Supplies
1553,POAI,POAI US Equity,PREDICTIVE ONCOL,6,Health Care,30,Health Care Equipment & Supplies
1554,POCI,POCI US Equity,PRECISION OPTICS,6,Health Care,30,Health Care Equipment & Supplies
1555,PODD,PODD US Equity,INSULET CORP,6,Health Care,30,Health Care Equipment & Supplies
1556,PRCT,PRCT US Equity,PROCEPT BIOROBOT,6,Health Care,30,Health Care Equipment & Supplies
1557,QDEL,QDEL US Equity,QUIDELORTHO CORP,6,Health Care,30,Health Care Equipment & Supplies
1558,RBOT,RBOT US Equity,VICARIOUS SURGIC,6,Health Care,30,Health Care Equipment & Supplies
1559,RMD,RMD US Equity,RESMED INC,6,Health Care,30,Health Care Equipment & Supplies
1560,RMTI,RMTI US Equity,ROCKWELL MEDICAL,6,Health Care,30,Health Care Equipment & Supplies
1561,RSLS,RSLS US Equity,RESHAPE LIFESCIE,6,Health Care,30,Health Care Equipment & Supplies
1562,RVP,RVP US Equity,RETRACTABLE TECH,6,Health Care,30,Health Care Equipment & Supplies
1563,RXST,RXST US Equity,RXSIGHT INC,6,Health Care,30,Health Care Equipment & Supplies
1564,SENS,SENS US Equity,SENSEONICS HLDGS,6,Health Care,30,Health Care Equipment & Supplies
1565,SGHT,SGHT US Equity,SIGHT SCIENCES I,6,Health Care,30,Health Care Equipment & Supplies
1566,SIBN,SIBN US Equity,SI-BONE INC,6,Health Care,30,Health Care Equipment & Supplies
1567,SINT,SINT US Equity,SINTX TECHNOLOGI,6,Health Care,30,Health Care Equipment & Supplies
1568,SMLR,SMLR US Equity,SEMLER SCIENTIFI,6,Health Care,30,Health Care Equipment & Supplies
1569,SMTI,SMTI US Equity,SANARA MEDTECH I,6,Health Care,30,Health Care Equipment & Supplies
1570,SNWV,SNWV US Equity,SANUWAVE HEALTH,6,Health Care,30,Health Care Equipment & Supplies
1571,SOLV,SOLV US Equity,SOLVENTUM,6,Health Care,30,Health Care Equipment & Supplies
1572,SRDX,SRDX US Equity,SURMODICS INC,6,Health Care,30,Health Care Equipment & Supplies
1573,SRTS,SRTS US Equity,SENSUS HEALTHCAR,6,Health Care,30,Health Care Equipment & Supplies
1574,SSII,SSII US Equity,SS INNOVATIONS I,6,Health Care,30,Health Care Equipment & Supplies
1575,SSKN,SSKN US Equity,STRATA SKIN SCIE,6,Health Care,30,Health Care Equipment & Supplies
1576,STAA,STAA US Equity,STAAR SURGICAL,6,Health Care,30,Health Care Equipment & Supplies
1577,STE,STE US Equity,STERIS PLC,6,Health Care,30,Health Care Equipment & Supplies
1578,STIM,STIM US Equity,NEURONETICS INC,6,Health Care,30,Health Care Equipment & Supplies
1579,STSS,STSS US Equity,SHARPS TECHNOLOG,6,Health Care,30,Health Care Equipment & Supplies
1580,STXS,STXS US Equity,STEREOTAXIS INC,6,Health Care,30,Health Care Equipment & Supplies
1581,SYK,SYK US Equity,STRYKER CORP,6,Health Care,30,Health Care Equipment & Supplies
1582,TCMD,TCMD US Equity,TACTILE SYSTEMS,6,Health Care,30,Health Care Equipment & Supplies
1583,TELA,TELA US Equity,TELA BIO INC,6,Health Care,30,Health Care Equipment & Supplies
1584,TFX,TFX US Equity,TELEFLEX INC,6,Health Care,30,Health Care Equipment & Supplies
1585,TIVC,TIVC US Equity,TIVIC HEALTH SYS,6,Health Care,30,Health Care Equipment & Supplies
1586,TMCI,TMCI US Equity,TREACE MEDICAL C,6,Health Care,30,Health Care Equipment & Supplies
1587,TMDX,TMDX US Equity,TRANSMEDICS GROU,6,Health Care,30,Health Care Equipment & Supplies
1588,TNDM,TNDM US Equity,TANDEM DIABETES,6,Health Care,30,Health Care Equipment & Supplies
1589,TNON,TNON US Equity,TENON MEDICAL IN,6,Health Care,30,Health Care Equipment & Supplies
1590,UFPT,UFPT US Equity,UFP TECHNOLOGIES,6,Health Care,30,Health Care Equipment & Supplies
1591,UTMD,UTMD US Equity,UTAH MEDICAL PRO,6,Health Care,30,Health Care Equipment & Supplies
1592,VANI,VANI US Equity,VIVANI MEDICAL I,6,Health Care,30,Health Care Equipment & Supplies
1593,VERO,VERO US Equity,VENUS CONCEPT IN,6,Health Care,30,Health Care Equipment & Supplies
1594,VNRX,VNRX US Equity,VOLITIONRX LTD,6,Health Care,30,Health Care Equipment & Supplies
1595,VREX,VREX US Equity,VAREX IMAGIN,6,Health Care,30,Health Care Equipment & Supplies
1596,VTAK,VTAK US Equity,CATHETER PRECISI,6,Health Care,30,Health Care Equipment & Supplies
1597,XRAY,XRAY US Equity,DENTSPLY SIRONA,6,Health Care,30,Health Care Equipment & Supplies
1598,XTNT,XTNT US Equity,XTANT MEDICAL HO,6,Health Care,30,Health Care Equipment & Supplies
1599,ZBH,ZBH US Equity,ZIMMER BIOMET HO,6,Health Care,30,Health Care Equipment & Supplies
1600,ZIMV,ZIMV US Equity,ZIMVIE INC,6,Health Care,30,Health Care Equipment & Supplies
1601,ZYXI,ZYXI US Equity,ZYNEX INC,6,Health Care,30,Health Care Equipment & Supplies
1602,ACHC,ACHC US Equity,ACADIA HEALTHCAR,6,Health Care,31,Health Care Providers & Services
1603,ADUS,ADUS US Equity,ADDUS HOMECARE,6,Health Care,31,Health Care Providers & Services
1604,AGL,AGL US Equity,AGILON HEALTH IN,6,Health Care,31,Health Care Providers & Services
1605,AHCO,AHCO US Equity,ADAPTHEALTH CORP,6,Health Care,31,Health Care Providers & Services
1606,AIRS,AIRS US Equity,AIRSCULPT TECHNO,6,Health Care,31,Health Care Providers & Services
1607,ALHC,ALHC US Equity,ALIGNMENT HEALTH,6,Health Care,31,Health Care Providers & Services
1608,AMED,AMED US Equity,AMEDISYS INC,6,Health Care,31,Health Care Providers & Services
1609,AMN,AMN US Equity,AMN HEALTHCARE,6,Health Care,31,Health Care Providers & Services
1610,AMS,AMS US Equity,AMERICAN SHARED,6,Health Care,31,Health Care Providers & Services
1611,AONC,AONC US Equity,AMERICAN ONCOLOG,6,Health Care,31,Health Care Providers & Services
1612,ARDT,ARDT US Equity,ARDENT HEALTH IN,6,Health Care,31,Health Care Providers & Services
1613,ASTH,ASTH US Equity,ASTRANA HEALTH I,6,Health Care,31,Health Care Providers & Services
1614,AVAH,AVAH US Equity,AVEANNA HEALTHCA,6,Health Care,31,Health Care Providers & Services
1615,BDSX,BDSX US Equity,BIODESIX INC,6,Health Care,31,Health Care Providers & Services
1616,BKD,BKD US Equity,BROOKDALE SR,6,Health Care,31,Health Care Providers & Services
1617,BTSG,BTSG US Equity,BRIGHTSPRING HEA,6,Health Care,31,Health Care Providers & Services
1618,CAH,CAH US Equity,CARDINAL HEALTH,6,Health Care,31,Health Care Providers & Services
1619,CCEL,CCEL US Equity,CRYO-CELL INTL,6,Health Care,31,Health Care Providers & Services
1620,CCRN,CCRN US Equity,CROSS COUNTRY HE,6,Health Care,31,Health Care Providers & Services
1621,CHE,CHE US Equity,CHEMED CORP,6,Health Care,31,Health Care Providers & Services
1622,CI,CI US Equity,THE CIGNA GROUP,6,Health Care,31,Health Care Providers & Services
1623,CLOV,CLOV US Equity,CLOVER HEALTH IN,6,Health Care,31,Health Care Providers & Services
1624,CNC,CNC US Equity,CENTENE CORP,6,Health Care,31,Health Care Providers & Services
1625,CON,CON US Equity,CONCENTRA GROUP,6,Health Care,31,Health Care Providers & Services
1626,COR,COR US Equity,CENCORA INC,6,Health Care,31,Health Care Providers & Services
1627,COSM,COSM US Equity,COSMOS HEALTH IN,6,Health Care,31,Health Care Providers & Services
1628,CRVL,CRVL US Equity,CORVEL CORP,6,Health Care,31,Health Care Providers & Services
1629,CSTL,CSTL US Equity,CASTLE BIOSCIENC,6,Health Care,31,Health Care Providers & Services
1630,CVS,CVS US Equity,CVS HEALTH CORP,6,Health Care,31,Health Care Providers & Services
1631,CYH,CYH US Equity,COMMUNITY HEALTH,6,Health Care,31,Health Care Providers & Services
1632,DCGO,DCGO US Equity,DOCGO INC,6,Health Care,31,Health Care Providers & Services
1633,DGX,DGX US Equity,QUEST DIAGNOSTIC,6,Health Care,31,Health Care Providers & Services
1634,DVA,DVA US Equity,DAVITA INC,6,Health Care,31,Health Care Providers & Services
1635,EHAB,EHAB US Equity,ENHABIT INC,6,Health Care,31,Health Care Providers & Services
1636,EHC,EHC US Equity,ENCOMPASS HEALTH,6,Health Care,31,Health Care Providers & Services
1637,ELV,ELV US Equity,ELEVANCE HEALTH,6,Health Care,31,Health Care Providers & Services
1638,ENSG,ENSG US Equity,ENSIGN GROUP INC,6,Health Care,31,Health Care Providers & Services
1639,FLGT,FLGT US Equity,FULGENT GENETICS,6,Health Care,31,Health Care Providers & Services
1640,GH,GH US Equity,GUARDANT HEALTH,6,Health Care,31,Health Care Providers & Services
1641,HCA,HCA US Equity,HCA HEALTHCARE I,6,Health Care,31,Health Care Providers & Services
1642,HIMS,HIMS US Equity,HIMS & HERS HEAL,6,Health Care,31,Health Care Providers & Services
1643,HNGE,HNGE US Equity,HINGE HEALTH-A,6,Health Care,31,Health Care Providers & Services
1644,HQY,HQY US Equity,HEALTHEQUITY INC,6,Health Care,31,Health Care Providers & Services
1645,HSIC,HSIC US Equity,HENRY SCHEIN INC,6,Health Care,31,Health Care Providers & Services
1646,HUM,HUM US Equity,HUMANA INC,6,Health Care,31,Health Care Providers & Services
1647,INFU,INFU US Equity,INFUSYSTEM HOLD,6,Health Care,31,Health Care Providers & Services
1648,INNV,INNV US Equity,INNOVAGE HOLDING,6,Health Care,31,Health Care Providers & Services
1649,IVP,IVP US Equity,INSPIRE VETERINA,6,Health Care,31,Health Care Providers & Services
1650,JYNT,JYNT US Equity,JOINT CORP/THE,6,Health Care,31,Health Care Providers & Services
1651,LFST,LFST US Equity,LIFESTANCE HEALT,6,Health Care,31,Health Care Providers & Services
1652,LH,LH US Equity,LABCORP HOLDINGS,6,Health Care,31,Health Care Providers & Services
1653,MCK,MCK US Equity,MCKESSON CORP,6,Health Care,31,Health Care Providers & Services
1654,MD,MD US Equity,PEDIATRIX MEDICA,6,Health Care,31,Health Care Providers & Services
1655,MODV,MODV US Equity,MODIVCARE INC,6,Health Care,31,Health Care Providers & Services
1656,MOH,MOH US Equity,MOLINA HEALTHCAR,6,Health Care,31,Health Care Providers & Services
1657,NAKA,NAKA US Equity,KINDLY MD INC,6,Health Care,31,Health Care Providers & Services
1658,NEO,NEO US Equity,NEOGENOMICS INC,6,Health Care,31,Health Care Providers & Services
1659,NEUE,NEUE US Equity,NEUEHEALTH INC,6,Health Care,31,Health Care Providers & Services
1660,NHC,NHC US Equity,NATL HEALTHCARE,6,Health Care,31,Health Care Providers & Services
1661,NRC,NRC US Equity,NATL RESEARCH CO,6,Health Care,31,Health Care Providers & Services
1662,NUTX,NUTX US Equity,NUTEX HEALTH INC,6,Health Care,31,Health Care Providers & Services
1663,OMI,OMI US Equity,OWENS & MINOR,6,Health Care,31,Health Care Providers & Services
1664,OPCH,OPCH US Equity,OPTION CARE HEAL,6,Health Care,31,Health Care Providers & Services
1665,OPK,OPK US Equity,OPKO HEALTH,6,Health Care,31,Health Care Providers & Services
1666,OTRK,OTRK US Equity,ONTRAK INC,6,Health Care,31,Health Care Providers & Services
1667,PACS,PACS US Equity,PACS GROUP INC,6,Health Care,31,Health Care Providers & Services
1668,PGNY,PGNY US Equity,PROGYNY INC,6,Health Care,31,Health Care Providers & Services
1669,PHLT,PHLT US Equity,PERFORMANT HEALT,6,Health Care,31,Health Care Providers & Services
1670,PIII,PIII US Equity,P3 HEALTH PARTNE,6,Health Care,31,Health Care Providers & Services
1671,PINC,PINC US Equity,PREMIER INC-CL A,6,Health Care,31,Health Care Providers & Services
1672,PNTG,PNTG US Equity,PENNANT GROUP,6,Health Care,31,Health Care Providers & Services
1673,PRPO,PRPO US Equity,PRECIPIO INC,6,Health Care,31,Health Care Providers & Services
1674,PRVA,PRVA US Equity,PRIVIA HEALTH GR,6,Health Care,31,Health Care Providers & Services
1675,QIPT,QIPT US Equity,QUIPT HOME MEDIC,6,Health Care,31,Health Care Providers & Services
1676,RDNT,RDNT US Equity,RADNET INC,6,Health Care,31,Health Care Providers & Services
1677,SBC,SBC US Equity,SBC MEDICAL GROU,6,Health Care,31,Health Care Providers & Services
1678,SEM,SEM US Equity,SELECT MEDICAL,6,Health Care,31,Health Care Providers & Services
1679,SGRY,SGRY US Equity,SURGERY PARTNERS,6,Health Care,31,Health Care Providers & Services
1680,SNDA,SNDA US Equity,SONIDA SENIOR LI,6,Health Care,31,Health Care Providers & Services
1681,SSY,SSY US Equity,SUNLINK HEALTH,6,Health Care,31,Health Care Providers & Services
1682,TALK,TALK US Equity,TALKSPACE INC,6,Health Care,31,Health Care Providers & Services
1683,THC,THC US Equity,TENET HEALTHCARE,6,Health Care,31,Health Care Providers & Services
1684,TOI,TOI US Equity,ONCOLOGY INSTITU,6,Health Care,31,Health Care Providers & Services
1685,UHS,UHS US Equity,UNIVERSAL HLTH-B,6,Health Care,31,Health Care Providers & Services
1686,UNH,UNH US Equity,UNITEDHEALTH GRP,6,Health Care,31,Health Care Providers & Services
1687,USPH,USPH US Equity,US PHYSICAL THER,6,Health Care,31,Health Care Providers & Services
1688,VMD,VMD US Equity,VIEMED HEALTHCAR,6,Health Care,31,Health Care Providers & Services
1689,VVOS,VVOS US Equity,VIVOS THERAPEUTI,6,Health Care,31,Health Care Providers & Services
1690,WGRX,WGRX US Equity,WELLGISTICS HEAL,6,Health Care,31,Health Care Providers & Services
1691,WGS,WGS US Equity,GENEDX HOLDINGS,6,Health Care,31,Health Care Providers & Services
1692,ACON,ACON US Equity,ACLARION INC,6,Health Care,32,Health Care Technology
1693,AIFF,AIFF US Equity,FIREFLY NEUROSCI,6,Health Care,32,Health Care Technology
1694,AMWL,AMWL US Equity,AMERICAN WELL -A,6,Health Care,32,Health Care Technology
1695,BFRG,BFRG US Equity,BULLFROG AI HOLD,6,Health Care,32,Health Care Technology
1696,CCLD,CCLD US Equity,CARECLOUD INC,6,Health Care,32,Health Care Technology
1697,CERT,CERT US Equity,CERTARA INC,6,Health Care,32,Health Care Technology
1698,CTEV,CTEV US Equity,CLARITEV CORP,6,Health Care,32,Health Care Technology
1699,DH,DH US Equity,DEFINITIVE HEALT,6,Health Care,32,Health Care Technology
1700,DOCS,DOCS US Equity,DOXIMITY INC-A,6,Health Care,32,Health Care Technology
1701,DRIO,DRIO US Equity,DARIOHEALTH CORP,6,Health Care,32,Health Care Technology
1702,EVH,EVH US Equity,EVOLENT HEALTH-A,6,Health Care,32,Health Care Technology
1703,FORA,FORA US Equity,FORIAN INC,6,Health Care,32,Health Care Technology
1704,GDRX,GDRX US Equity,GOODRX HOLDIN-A,6,Health Care,32,Health Care Technology
1705,HCAT,HCAT US Equity,HEALTH CATALYST,6,Health Care,32,Health Care Technology
1706,HCTI,HCTI US Equity,HEALTHCARE TRIAN,6,Health Care,32,Health Care Technology
1707,HSTM,HSTM US Equity,HEALTHSTREAM INC,6,Health Care,32,Health Care Technology
1708,ICAD,ICAD US Equity,ICAD INC,6,Health Care,32,Health Care Technology
1709,ISPC,ISPC US Equity,ISPECIMEN INC,6,Health Care,32,Health Care Technology
1710,LFMD,LFMD US Equity,LIFEMD INC,6,Health Care,32,Health Care Technology
1711,ONMD,ONMD US Equity,ONEMEDNET CORP,6,Health Care,32,Health Care Technology
1712,OPRX,OPRX US Equity,OPTIMIZERX CORP,6,Health Care,32,Health Care Technology
1713,PHR,PHR US Equity,PHREESIA INC,6,Health Care,32,Health Care Technology
1714,SCNX,SCNX US Equity,SCIENTURE HOLDIN,6,Health Care,32,Health Care Technology
1715,SDGR,SDGR US Equity,SCHRODINGER INC,6,Health Care,32,Health Care Technology
1716,SLP,SLP US Equity,SIMULATIONS PLUS,6,Health Care,32,Health Care Technology
1717,STRM,STRM US Equity,STREAMLINE HEALT,6,Health Care,32,Health Care Technology
1718,TBRG,TBRG US Equity,TRUBRIDGE INC,6,Health Care,32,Health Care Technology
1719,TDOC,TDOC US Equity,TELADOC HEALTH I,6,Health Care,32,Health Care Technology
1720,VEEV,VEEV US Equity,VEEVA SYSTEMS-A,6,Health Care,32,Health Care Technology
1721,VSEE,VSEE US Equity,VSEE HEALTH INC,6,Health Care,32,Health Care Technology
1722,WAY,WAY US Equity,WAYSTAR HOLDING,6,Health Care,32,Health Care Technology
1723,WORX,WORX US Equity,SCWORX CORP,6,Health Care,32,Health Care Technology
1724,A,A US Equity,AGILENT TECH INC,6,Health Care,43,Life Sciences Tools & Services
1725,ADPT,ADPT US Equity,ADAPTIVE BIOTECH,6,Health Care,43,Life Sciences Tools & Services
1726,AKYA,AKYA US Equity,AKOYA BIOSCIENCE,6,Health Care,43,Life Sciences Tools & Services
1727,APDN,APDN US Equity,APPLIED DNA SCIE,6,Health Care,43,Life Sciences Tools & Services
1728,ATLN,ATLN US Equity,ATLANTIC INTERNA,6,Health Care,43,Life Sciences Tools & Services
1729,AVTR,AVTR US Equity,AVANTOR INC,6,Health Care,43,Life Sciences Tools & Services
1730,AZTA,AZTA US Equity,AZENTA INC,6,Health Care,43,Life Sciences Tools & Services
1731,BIO,BIO US Equity,BIO-RAD LABS-A,6,Health Care,43,Life Sciences Tools & Services
1732,BIO/B,BIO/B US Equity,BIO-RAD LABS-B,6,Health Care,43,Life Sciences Tools & Services
1733,BLFS,BLFS US Equity,BIOLIFE SOLUTION,6,Health Care,43,Life Sciences Tools & Services
1734,BNGO,BNGO US Equity,BIONANO GENOMICS,6,Health Care,43,Life Sciences Tools & Services
1735,BRKR,BRKR US Equity,BRUKER CORP,6,Health Care,43,Life Sciences Tools & Services
1736,CDT,CDT US Equity,CONDUIT PHARMACE,6,Health Care,43,Life Sciences Tools & Services
1737,CDXS,CDXS US Equity,CODEXIS INC,6,Health Care,43,Life Sciences Tools & Services
1738,CRL,CRL US Equity,CHARLES RIVER LA,6,Health Care,43,Life Sciences Tools & Services
1739,CSBR,CSBR US Equity,CHAMPIONS ONCOLO,6,Health Care,43,Life Sciences Tools & Services
1740,CTKB,CTKB US Equity,CYTEK BIOSCIENCE,6,Health Care,43,Life Sciences Tools & Services
1741,CYRX,CYRX US Equity,CRYOPORT,6,Health Care,43,Life Sciences Tools & Services
1742,DHR,DHR US Equity,DANAHER CORP,6,Health Care,43,Life Sciences Tools & Services
1743,FTRE,FTRE US Equity,FORTREA HOLDINGS,6,Health Care,43,Life Sciences Tools & Services
1744,HBIO,HBIO US Equity,HARVARD BIOSCIEN,6,Health Care,43,Life Sciences Tools & Services
1745,ILMN,ILMN US Equity,ILLUMINA INC,6,Health Care,43,Life Sciences Tools & Services
1746,IQV,IQV US Equity,IQVIA HOLDINGS I,6,Health Care,43,Life Sciences Tools & Services
1747,LAB,LAB US Equity,STANDARD BIOTOOL,6,Health Care,43,Life Sciences Tools & Services
1748,LFCR,LFCR US Equity,LIFECORE BIOMEDI,6,Health Care,43,Life Sciences Tools & Services
1749,MEDP,MEDP US Equity,MEDPACE HOLDINGS,6,Health Care,43,Life Sciences Tools & Services
1750,MLAB,MLAB US Equity,MESA LABS,6,Health Care,43,Life Sciences Tools & Services
1751,MRVI,MRVI US Equity,MARAVAI LIFESC-A,6,Health Care,43,Life Sciences Tools & Services
1752,MTD,MTD US Equity,METTLER-TOLEDO,6,Health Care,43,Life Sciences Tools & Services
1753,MXCT,MXCT US Equity,MAXCYTE INC,6,Health Care,43,Life Sciences Tools & Services
1754,NAGE,NAGE US Equity,NIAGEN BIOSCIENC,6,Health Care,43,Life Sciences Tools & Services
1755,NAUT,NAUT US Equity,NAUTILUS BIOTECH,6,Health Care,43,Life Sciences Tools & Services
1756,NOTV,NOTV US Equity,INOTIV INC,6,Health Care,43,Life Sciences Tools & Services
1757,OABI,OABI US Equity,OMNIAB INC,6,Health Care,43,Life Sciences Tools & Services
1758,PACB,PACB US Equity,PACIFIC BIOSCIEN,6,Health Care,43,Life Sciences Tools & Services
1759,PSNL,PSNL US Equity,PERSONALIS INC,6,Health Care,43,Life Sciences Tools & Services
1760,QSI,QSI US Equity,QUANTUM-SI INC,6,Health Care,43,Life Sciences Tools & Services
1761,QTRX,QTRX US Equity,QUANTERIX CORP,6,Health Care,43,Life Sciences Tools & Services
1762,RGEN,RGEN US Equity,REPLIGEN CORP,6,Health Care,43,Life Sciences Tools & Services
1763,RPID,RPID US Equity,RAPID MICRO BI-A,6,Health Care,43,Life Sciences Tools & Services
1764,RVTY,RVTY US Equity,REVVITY INC,6,Health Care,43,Life Sciences Tools & Services
1765,SEER,SEER US Equity,SEER INC,6,Health Care,43,Life Sciences Tools & Services
1766,SHC,SHC US Equity,SOTERA HEALTH CO,6,Health Care,43,Life Sciences Tools & Services
1767,TECH,TECH US Equity,BIO-TECHNE CORP,6,Health Care,43,Life Sciences Tools & Services
1768,TEM,TEM US Equity,TEMPUS AI INC,6,Health Care,43,Life Sciences Tools & Services
1769,TKNO,TKNO US Equity,ALPHA TEKNOVA IN,6,Health Care,43,Life Sciences Tools & Services
1770,TMO,TMO US Equity,THERMO FISHER,6,Health Care,43,Life Sciences Tools & Services
1771,TXG,TXG US Equity,10X GENOMICS I-A,6,Health Care,43,Life Sciences Tools & Services
1772,WAT,WAT US Equity,WATERS CORP,6,Health Care,43,Life Sciences Tools & Services
1773,WST,WST US Equity,WEST PHARMACEUT,6,Health Care,43,Life Sciences Tools & Services
1774,AARD,AARD US Equity,AARDVARK THERAPE,6,Health Care,53,Pharmaceuticals
1775,ACRS,ACRS US Equity,ACLARIS THERAPEU,6,Health Care,53,Pharmaceuticals
1776,ADIL,ADIL US Equity,ADIAL PHARMACEUT,6,Health Care,53,Pharmaceuticals
1777,ALMS,ALMS US Equity,ALUMIS INC,6,Health Care,53,Pharmaceuticals
1778,ALTS,ALTS US Equity,ALT5 SIGMA CORP,6,Health Care,53,Pharmaceuticals
1779,AMLX,AMLX US Equity,AMYLYX PHARMACEU,6,Health Care,53,Pharmaceuticals
1780,AMPH,AMPH US Equity,AMPHASTAR PHARMA,6,Health Care,53,Pharmaceuticals
1781,AMRX,AMRX US Equity,AMNEAL PHARM INC,6,Health Care,53,Pharmaceuticals
1782,ANEB,ANEB US Equity,ANEBULO PHARMACE,6,Health Care,53,Pharmaceuticals
1783,ANIP,ANIP US Equity,ANI PHARMACEUTIC,6,Health Care,53,Pharmaceuticals
1784,ANRO,ANRO US Equity,ALTO NEUROSCIENC,6,Health Care,53,Pharmaceuticals
1785,ANTX,ANTX US Equity,AN2 THERAPEUTICS,6,Health Care,53,Pharmaceuticals
1786,AQST,AQST US Equity,AQUESTIVE THERAP,6,Health Care,53,Pharmaceuticals
1787,ARVN,ARVN US Equity,ARVINAS INC,6,Health Care,53,Pharmaceuticals
1788,ASRT,ASRT US Equity,ASSERTIO HOLDING,6,Health Care,53,Pharmaceuticals
1789,ATHA,ATHA US Equity,ATHIRA PHARMA IN,6,Health Care,53,Pharmaceuticals
1790,AVIR,AVIR US Equity,ATEA PHARMACEUTI,6,Health Care,53,Pharmaceuticals
1791,AXSM,AXSM US Equity,AXSOME THERAPEUT,6,Health Care,53,Pharmaceuticals
1792,AYTU,AYTU US Equity,AYTU BIOPHARMA I,6,Health Care,53,Pharmaceuticals
1793,BFRI,BFRI US Equity,BIOFRONTERA INC,6,Health Care,53,Pharmaceuticals
1794,BIOA,BIOA US Equity,BIOAGE LABS INC,6,Health Care,53,Pharmaceuticals
1795,BLTE,BLTE US Equity,BELITE BIO I-ADR,6,Health Care,53,Pharmaceuticals
1796,BMY,BMY US Equity,BRISTOL-MYER SQB,6,Health Care,53,Pharmaceuticals
1797,BTMD,BTMD US Equity,BIOTE CORP-A,6,Health Care,53,Pharmaceuticals
1798,CALC,CALC US Equity,CALCIMEDICA INC,6,Health Care,53,Pharmaceuticals
1799,CELG-R,CELG-R US Equity,BMY- CELGENE-CVR,6,Health Care,53,Pharmaceuticals
1800,CGTX,CGTX US Equity,COGNITION THERAP,6,Health Care,53,Pharmaceuticals
1801,CING,CING US Equity,CINGULATE INC,6,Health Care,53,Pharmaceuticals
1802,CLSD,CLSD US Equity,CLEARSIDE BIOMED,6,Health Care,53,Pharmaceuticals
1803,CNSP,CNSP US Equity,CNS PHARMACEUTIC,6,Health Care,53,Pharmaceuticals
1804,CNTX,CNTX US Equity,CONTEXT THERAPEU,6,Health Care,53,Pharmaceuticals
1805,COCP,COCP US Equity,COCRYSTAL PHARMA,6,Health Care,53,Pharmaceuticals
1806,COLL,COLL US Equity,COLLEGIUM PHARMA,6,Health Care,53,Pharmaceuticals
1807,CORT,CORT US Equity,CORCEPT THERA,6,Health Care,53,Pharmaceuticals
1808,CPIX,CPIX US Equity,CUMBERLAND PHARM,6,Health Care,53,Pharmaceuticals
1809,CRMD,CRMD US Equity,CORMEDIX INC,6,Health Care,53,Pharmaceuticals
1810,CTNM,CTNM US Equity,CONTINEUM THER-A,6,Health Care,53,Pharmaceuticals
1811,CTXR,CTXR US Equity,CITIUS PHARMACEU,6,Health Care,53,Pharmaceuticals
1812,CVKD,CVKD US Equity,CADRENAL THERAPE,6,Health Care,53,Pharmaceuticals
1813,DARE,DARE US Equity,DARE BIOSCIENCE,6,Health Care,53,Pharmaceuticals
1814,DERM,DERM US Equity,JOURNEY MEDICAL,6,Health Care,53,Pharmaceuticals
1815,DRRX,DRRX US Equity,DURECT CORP,6,Health Care,53,Pharmaceuticals
1816,ELAN,ELAN US Equity,ELANCO ANIMAL HE,6,Health Care,53,Pharmaceuticals
1817,ELVN,ELVN US Equity,ENLIVEN THERAPEU,6,Health Care,53,Pharmaceuticals
1818,ENVB,ENVB US Equity,ENVERIC BIOSCIEN,6,Health Care,53,Pharmaceuticals
1819,EOLS,EOLS US Equity,EVOLUS INC,6,Health Care,53,Pharmaceuticals
1820,ESPR,ESPR US Equity,ESPERION THERAPE,6,Health Care,53,Pharmaceuticals
1821,ETON,ETON US Equity,ETON PHARMACEUTI,6,Health Care,53,Pharmaceuticals
1822,EVOK,EVOK US Equity,EVOKE PHARMA INC,6,Health Care,53,Pharmaceuticals
1823,EWTX,EWTX US Equity,EDGEWISE THERAPE,6,Health Care,53,Pharmaceuticals
1824,EYEN,EYEN US Equity,EYENOVIA INC,6,Health Care,53,Pharmaceuticals
1825,EYPT,EYPT US Equity,EYEPOINT PHARMAC,6,Health Care,53,Pharmaceuticals
1826,FULC,FULC US Equity,FULCRUM THERAPEU,6,Health Care,53,Pharmaceuticals
1827,GPCR,GPCR US Equity,STRUCTURE THERAP,6,Health Care,53,Pharmaceuticals
1828,GRCE,GRCE US Equity,GRACE THERAPEUTI,6,Health Care,53,Pharmaceuticals
1829,HOTH,HOTH US Equity,HOTH THERAPEUTIC,6,Health Care,53,Pharmaceuticals
1830,HRMY,HRMY US Equity,HARMONY BIOSCIE,6,Health Care,53,Pharmaceuticals
1831,HROW,HROW US Equity,HARROW INC,6,Health Care,53,Pharmaceuticals
1832,IBO,IBO US Equity,IMPACT BIOMEDICA,6,Health Care,53,Pharmaceuticals
1833,IGC,IGC US Equity,IGC PHARMA INC,6,Health Care,53,Pharmaceuticals
1834,IKNA,IKNA US Equity,IKENA ONCOLOGY I,6,Health Care,53,Pharmaceuticals
1835,INVA,INVA US Equity,INNOVIVA INC,6,Health Care,53,Pharmaceuticals
1836,ITRM,ITRM US Equity,ITERUM THERAPEUT,6,Health Care,53,Pharmaceuticals
1837,JAGX,JAGX US Equity,JAGUAR HEALTH IN,6,Health Care,53,Pharmaceuticals
1838,JNJ,JNJ US Equity,JOHNSON&JOHNSON,6,Health Care,53,Pharmaceuticals
1839,JUNS,JUNS US Equity,JUPITER NEUROSCI,6,Health Care,53,Pharmaceuticals
1840,KPRX,KPRX US Equity,KIORA PHARMACEUT,6,Health Care,53,Pharmaceuticals
1841,LENZ,LENZ US Equity,LENZ THERAPEUTIC,6,Health Care,53,Pharmaceuticals
1842,LGND,LGND US Equity,LIGAND PHARM,6,Health Care,53,Pharmaceuticals
1843,LLY,LLY US Equity,ELI LILLY & CO,6,Health Care,53,Pharmaceuticals
1844,LPCN,LPCN US Equity,LIPOCINE INC,6,Health Care,53,Pharmaceuticals
1845,LQDA,LQDA US Equity,LIQUIDIA CORP,6,Health Care,53,Pharmaceuticals
1846,LYRA,LYRA US Equity,LYRA THERAPEUTIC,6,Health Care,53,Pharmaceuticals
1847,MAZE,MAZE US Equity,MAZE THERAPEUTIC,6,Health Care,53,Pharmaceuticals
1848,MBX,MBX US Equity,MBX BIOSCIENCES,6,Health Care,53,Pharmaceuticals
1849,MIRA,MIRA US Equity,MIRA PHARMACEUTI,6,Health Care,53,Pharmaceuticals
1850,MNMD,MNMD US Equity,MIND MEDICINE MI,6,Health Care,53,Pharmaceuticals
1851,MRK,MRK US Equity,MERCK & CO,6,Health Care,53,Pharmaceuticals
1852,NBY,NBY US Equity,NOVABAY PHARMACE,6,Health Care,53,Pharmaceuticals
1853,NKTR,NKTR US Equity,NEKTAR THERAPEUT,6,Health Care,53,Pharmaceuticals
1854,NMRA,NMRA US Equity,NEUMORA THERAPEU,6,Health Care,53,Pharmaceuticals
1855,NRXP,NRXP US Equity,NRX PHARMACEUTIC,6,Health Care,53,Pharmaceuticals
1856,NTHI,NTHI US Equity,NEONC TECHNOLOGI,6,Health Care,53,Pharmaceuticals
1857,NTRB,NTRB US Equity,NUTRIBAND INC,6,Health Care,53,Pharmaceuticals
1858,NUVB,NUVB US Equity,NUVATION BIO INC,6,Health Care,53,Pharmaceuticals
1859,OCUL,OCUL US Equity,OCULAR THERAPEUT,6,Health Care,53,Pharmaceuticals
1860,OGN,OGN US Equity,ORGANON & CO,6,Health Care,53,Pharmaceuticals
1861,OMER,OMER US Equity,OMEROS CORP,6,Health Care,53,Pharmaceuticals
1862,PAHC,PAHC US Equity,PHIBRO ANIMAL-A,6,Health Care,53,Pharmaceuticals
1863,PBH,PBH US Equity,PRESTIGE CONSUME,6,Health Care,53,Pharmaceuticals
1864,PCRX,PCRX US Equity,PACIRA BIOSCIENC,6,Health Care,53,Pharmaceuticals
1865,PCSA,PCSA US Equity,PROCESSA PHARMAC,6,Health Care,53,Pharmaceuticals
1866,PFE,PFE US Equity,PFIZER INC,6,Health Care,53,Pharmaceuticals
1867,PHAT,PHAT US Equity,PHATHOM PHARMACE,6,Health Care,53,Pharmaceuticals
1868,PLRX,PLRX US Equity,PLIANT THERAPEUT,6,Health Care,53,Pharmaceuticals
1869,PRPH,PRPH US Equity,PROPHASE LABS IN,6,Health Care,53,Pharmaceuticals
1870,PULM,PULM US Equity,PULMATRIX INC,6,Health Care,53,Pharmaceuticals
1871,RANI,RANI US Equity,RANI THERAPEUTIC,6,Health Care,53,Pharmaceuticals
1872,RAPP,RAPP US Equity,RAPPORT THERAPEU,6,Health Care,53,Pharmaceuticals
1873,RLMD,RLMD US Equity,RELMADA THERAPEU,6,Health Care,53,Pharmaceuticals
1874,RPRX,RPRX US Equity,ROYALTY PHARMA-A,6,Health Care,53,Pharmaceuticals
1875,RVPH,RVPH US Equity,REVIVA PHARMACEU,6,Health Care,53,Pharmaceuticals
1876,SAVA,SAVA US Equity,CASSAVA SCIENCES,6,Health Care,53,Pharmaceuticals
1877,SCLX,SCLX US Equity,SCILEX HOLDING C,6,Health Care,53,Pharmaceuticals
1878,SCPH,SCPH US Equity,SCPHARMACEUTICAL,6,Health Care,53,Pharmaceuticals
1879,SCYX,SCYX US Equity,SCYNEXIS INC,6,Health Care,53,Pharmaceuticals
1880,SEPN,SEPN US Equity,SEPTERNA INC,6,Health Care,53,Pharmaceuticals
1881,SIGA,SIGA US Equity,SIGA TECH INC,6,Health Care,53,Pharmaceuticals
1882,SNES,SNES US Equity,SENESTECH INC,6,Health Care,53,Pharmaceuticals
1883,SNOA,SNOA US Equity,SONOMA PHARMACEU,6,Health Care,53,Pharmaceuticals
1884,SUPN,SUPN US Equity,SUPERNUS PHARMAC,6,Health Care,53,Pharmaceuticals
1885,SXTP,SXTP US Equity,60 DEGREES PHARM,6,Health Care,53,Pharmaceuticals
1886,TARS,TARS US Equity,TARSUS PHARMACEU,6,Health Care,53,Pharmaceuticals
1887,TELO,TELO US Equity,TELOMIR PHARMACE,6,Health Care,53,Pharmaceuticals
1888,TERN,TERN US Equity,TERNS PHARMACEUT,6,Health Care,53,Pharmaceuticals
1889,THRD,THRD US Equity,THIRD HARMONIC B,6,Health Care,53,Pharmaceuticals
1890,TLPH,TLPH US Equity,TALPHERA INC,6,Health Care,53,Pharmaceuticals
1891,TNFA,TNFA US Equity,TNF PHARMACEUTIC,6,Health Care,53,Pharmaceuticals
1892,TRAW,TRAW US Equity,TRAWS PHARMA INC,6,Health Care,53,Pharmaceuticals
1893,TRVI,TRVI US Equity,TREVI THERAPEUTI,6,Health Care,53,Pharmaceuticals
1894,TTNP,TTNP US Equity,TITAN PHARM,6,Health Care,53,Pharmaceuticals
1895,TVRD,TVRD US Equity,TVARDI THERAPEUT,6,Health Care,53,Pharmaceuticals
1896,TXMD,TXMD US Equity,THERAPEUTICSMD,6,Health Care,53,Pharmaceuticals
1897,VERU,VERU US Equity,VERU INC,6,Health Care,53,Pharmaceuticals
1898,VRCA,VRCA US Equity,VERRICA PHARMACE,6,Health Care,53,Pharmaceuticals
1899,VTRS,VTRS US Equity,VIATRIS INC,6,Health Care,53,Pharmaceuticals
1900,VTYX,VTYX US Equity,VENTYX BIOSCIENC,6,Health Care,53,Pharmaceuticals
1901,VYNE,VYNE US Equity,VYNE THERAPEUTIC,6,Health Care,53,Pharmaceuticals
1902,WVE,WVE US Equity,WAVE LIFE SCIENC,6,Health Care,53,Pharmaceuticals
1903,XERS,XERS US Equity,XERIS BIOPHARMA,6,Health Care,53,Pharmaceuticals
1904,YCBD,YCBD US Equity,CBDMD INC,6,Health Care,53,Pharmaceuticals
1905,ZTS,ZTS US Equity,ZOETIS INC,6,Health Care,53,Pharmaceuticals
1906,ZVRA,ZVRA US Equity,ZEVRA THERAPEUTI,6,Health Care,53,Pharmaceuticals
1907,ACHR,ACHR US Equity,ARCHER AVIATIO-A,7,Industrials,1,Aerospace & Defense
1908,AIR,AIR US Equity,AAR CORP,7,Industrials,1,Aerospace & Defense
1909,AIRI,AIRI US Equity,AIR INDUSTRIES G,7,Industrials,1,Aerospace & Defense
1910,ASLE,ASLE US Equity,AERSALE CORP,7,Industrials,1,Aerospace & Defense
1911,ATI,ATI US Equity,ATI INC,7,Industrials,1,Aerospace & Defense
1912,ATRO,ATRO US Equity,ASTRONICS CORP,7,Industrials,1,Aerospace & Defense
1913,AVAV,AVAV US Equity,AEROVIRONMENT IN,7,Industrials,1,Aerospace & Defense
1914,AXON,AXON US Equity,AXON ENTERPRISE,7,Industrials,1,Aerospace & Defense
1915,BA,BA US Equity,BOEING CO/THE,7,Industrials,1,Aerospace & Defense
1916,BWXT,BWXT US Equity,BWX TECHNOLOGIES,7,Industrials,1,Aerospace & Defense
1917,BYRN,BYRN US Equity,BYRNA TECHNOLOGI,7,Industrials,1,Aerospace & Defense
1918,CDRE,CDRE US Equity,CADRE HOLDINGS I,7,Industrials,1,Aerospace & Defense
1919,CVU,CVU US Equity,CPI AEROSTRUCTUR,7,Industrials,1,Aerospace & Defense
1920,CW,CW US Equity,CURTISS-WRIGHT,7,Industrials,1,Aerospace & Defense
1921,DCO,DCO US Equity,DUCOMMUN INC,7,Industrials,1,Aerospace & Defense
1922,DRS,DRS US Equity,LEONARDO DRS INC,7,Industrials,1,Aerospace & Defense
1923,EVEX,EVEX US Equity,EVE HOLDING INC,7,Industrials,1,Aerospace & Defense
1924,GD,GD US Equity,GENERAL DYNAMICS,7,Industrials,1,Aerospace & Defense
1925,GE,GE US Equity,GENERAL ELECTRIC,7,Industrials,1,Aerospace & Defense
1926,HEI,HEI US Equity,HEICO CORP,7,Industrials,1,Aerospace & Defense
1927,HEI/A,HEI/A US Equity,HEICO CORP-A,7,Industrials,1,Aerospace & Defense
1928,HII,HII US Equity,HUNTINGTON INGAL,7,Industrials,1,Aerospace & Defense
1929,HOVR,HOVR US Equity,NEW HORIZON AIRC,7,Industrials,1,Aerospace & Defense
1930,HWM,HWM US Equity,HOWMET AEROSPACE,7,Industrials,1,Aerospace & Defense
1931,HXL,HXL US Equity,HEXCEL CORP,7,Industrials,1,Aerospace & Defense
1932,ISSC,ISSC US Equity,INNOVATIVE SOL,7,Industrials,1,Aerospace & Defense
1933,KRMN,KRMN US Equity,KARMAN HOLDINGS,7,Industrials,1,Aerospace & Defense
1934,KTOS,KTOS US Equity,KRATOS DEFENSE &,7,Industrials,1,Aerospace & Defense
1935,LHX,LHX US Equity,L3HARRIS TECHNOL,7,Industrials,1,Aerospace & Defense
1936,LMT,LMT US Equity,LOCKHEED MARTIN,7,Industrials,1,Aerospace & Defense
1937,LOAR,LOAR US Equity,LOAR HOLDINGS IN,7,Industrials,1,Aerospace & Defense
1938,LUNR,LUNR US Equity,INTUITIVE MACHIN,7,Industrials,1,Aerospace & Defense
1939,MNTS,MNTS US Equity,MOMENTUS INC,7,Industrials,1,Aerospace & Defense
1940,MOG/A,MOG/A US Equity,MOOG INC-CLASS A,7,Industrials,1,Aerospace & Defense
1941,MOG/B,MOG/B US Equity,MOOG INC-CLASS B,7,Industrials,1,Aerospace & Defense
1942,MRCY,MRCY US Equity,MERCURY SYSTEMS,7,Industrials,1,Aerospace & Defense
1943,NOC,NOC US Equity,NORTHROP GRUMMAN,7,Industrials,1,Aerospace & Defense
1944,NPK,NPK US Equity,NATL PRESTO INDS,7,Industrials,1,Aerospace & Defense
1945,OPXS,OPXS US Equity,OPTEX SYSTEMS HO,7,Industrials,1,Aerospace & Defense
1946,PKE,PKE US Equity,PARK AEROSPACE C,7,Industrials,1,Aerospace & Defense
1947,RDW,RDW US Equity,REDWIRE CORP,7,Industrials,1,Aerospace & Defense
1948,RKLB,RKLB US Equity,ROCKET LAB CORP,7,Industrials,1,Aerospace & Defense
1949,RTX,RTX US Equity,RTX CORP,7,Industrials,1,Aerospace & Defense
1950,SARO,SARO US Equity,STANDARDAERO INC,7,Industrials,1,Aerospace & Defense
1951,SATL,SATL US Equity,SATELLOGIC INC-A,7,Industrials,1,Aerospace & Defense
1952,SIDU,SIDU US Equity,SIDUS SPACE INC,7,Industrials,1,Aerospace & Defense
1953,SIF,SIF US Equity,SIFCO INDUSTRIES,7,Industrials,1,Aerospace & Defense
1954,SPAI,SPAI US Equity,SAFE PRO GROUP I,7,Industrials,1,Aerospace & Defense
1955,SPCE,SPCE US Equity,VIRGIN GALACTIC,7,Industrials,1,Aerospace & Defense
1956,SPR,SPR US Equity,SPIRIT AEROSYS-A,7,Industrials,1,Aerospace & Defense
1957,TDG,TDG US Equity,TRANSDIGM GROUP,7,Industrials,1,Aerospace & Defense
1958,TGI,TGI US Equity,TRIUMPH GROUP,7,Industrials,1,Aerospace & Defense
1959,TXT,TXT US Equity,TEXTRON INC,7,Industrials,1,Aerospace & Defense
1960,VTSI,VTSI US Equity,VIRTRA INC,7,Industrials,1,Aerospace & Defense
1961,VVX,VVX US Equity,V2X INC,7,Industrials,1,Aerospace & Defense
1962,WWD,WWD US Equity,WOODWARD INC,7,Industrials,1,Aerospace & Defense
1963,AIRT,AIRT US Equity,AIR T INC,7,Industrials,2,Air Freight & Logistics
1964,ARAI,ARAI US Equity,ARRIVE AI INC,7,Industrials,2,Air Freight & Logistics
1965,CHRW,CHRW US Equity,CH ROBINSON,7,Industrials,2,Air Freight & Logistics
1966,CJMB,CJMB US Equity,CALLAN JMB INC,7,Industrials,2,Air Freight & Logistics
1967,EXPD,EXPD US Equity,EXPEDITORS INTL,7,Industrials,2,Air Freight & Logistics
1968,FDX,FDX US Equity,FEDEX CORP,7,Industrials,2,Air Freight & Logistics
1969,FRGT,FRGT US Equity,FREIGHT TECHNOLO,7,Industrials,2,Air Freight & Logistics
1970,FWRD,FWRD US Equity,FORWARD AIR CORP,7,Industrials,2,Air Freight & Logistics
1971,GXO,GXO US Equity,GXO LOGISTIC,7,Industrials,2,Air Freight & Logistics
1972,HUBG,HUBG US Equity,HUB GROUP-A,7,Industrials,2,Air Freight & Logistics
1973,RLGT,RLGT US Equity,RADIANT LOGISTIC,7,Industrials,2,Air Freight & Logistics
1974,UPS,UPS US Equity,UNITED PARCEL-B,7,Industrials,2,Air Freight & Logistics
1975,AAON,AAON US Equity,AAON INC,7,Industrials,8,Building Products
1976,AMWD,AMWD US Equity,AMER WOODMARK CO,7,Industrials,8,Building Products
1977,AOS,AOS US Equity,SMITH (A.O.)CORP,7,Industrials,8,Building Products
1978,APOG,APOG US Equity,APOGEE ENTERPR,7,Industrials,8,Building Products
1979,AWI,AWI US Equity,ARMSTRONG WORLD,7,Industrials,8,Building Products
1980,AZEK,AZEK US Equity,AZEK CO INC/THE,7,Industrials,8,Building Products
1981,AZZ,AZZ US Equity,AZZ INC,7,Industrials,8,Building Products
1982,BLDR,BLDR US Equity,BUILDERS FIRSTSO,7,Industrials,8,Building Products
1983,CAPT,CAPT US Equity,CAPTIVISION INC,7,Industrials,8,Building Products
1984,CARR,CARR US Equity,CARRIER GLOB,7,Industrials,8,Building Products
1985,CEAD,CEAD US Equity,CEA INDUSTRIES I,7,Industrials,8,Building Products
1986,CSL,CSL US Equity,CARLISLE COS INC,7,Industrials,8,Building Products
1987,CSW,CSW US Equity,CSW INDUSTRI INC,7,Industrials,8,Building Products
1988,FBIN,FBIN US Equity,FORTUNE BRANDS I,7,Industrials,8,Building Products
1989,GFF,GFF US Equity,GRIFFON CORP,7,Industrials,8,Building Products
1990,HAYW,HAYW US Equity,HAYWARD HOLDINGS,7,Industrials,8,Building Products
1991,IIIN,IIIN US Equity,INSTEEL INDS,7,Industrials,8,Building Products
1992,JBI,JBI US Equity,JANUS INTERNATIO,7,Industrials,8,Building Products
1993,JCI,JCI US Equity,JOHNSON CONTROLS,7,Industrials,8,Building Products
1994,JCTC,JCTC US Equity,JEWETT-CAMERON,7,Industrials,8,Building Products
1995,JELD,JELD US Equity,JELD-WEN HOLDING,7,Industrials,8,Building Products
1996,LII,LII US Equity,LENNOX INTL INC,7,Industrials,8,Building Products
1997,MAS,MAS US Equity,MASCO CORP,7,Industrials,8,Building Products
1998,MBC,MBC US Equity,MASTERBRAND,7,Industrials,8,Building Products
1999,NCL,NCL US Equity,NORTHANN CORP,7,Industrials,8,Building Products
2000,NX,NX US Equity,QUANEX BUILDING,7,Industrials,8,Building Products
2001,OC,OC US Equity,OWENS CORNING,7,Industrials,8,Building Products
2002,REZI,REZI US Equity,RESIDEO TECHN,7,Industrials,8,Building Products
2003,ROCK,ROCK US Equity,GIBRALTAR INDUST,7,Industrials,8,Building Products
2004,SSD,SSD US Equity,SIMPSON MFG,7,Industrials,8,Building Products
2005,TGEN,TGEN US Equity,TECOGEN INC/WALT,7,Industrials,8,Building Products
2006,TGLS,TGLS US Equity,TECNOGLASS INC,7,Industrials,8,Building Products
2007,TREX,TREX US Equity,TREX CO INC,7,Industrials,8,Building Products
2008,UFPI,UFPI US Equity,UFP INDUSTRIES I,7,Industrials,8,Building Products
2009,WMS,WMS US Equity,ADVANCED DRAINAG,7,Industrials,8,Building Products
2010,ZWS,ZWS US Equity,ZURN ELKAY WATER,7,Industrials,8,Building Products
2011,ABM,ABM US Equity,ABM INDUSTRIES,7,Industrials,11,Commercial Services & Supplies
2012,ACCO,ACCO US Equity,ACCO BRANDS CORP,7,Industrials,11,Commercial Services & Supplies
2013,ACU,ACU US Equity,ACME UNITED CORP,7,Industrials,11,Commercial Services & Supplies
2014,ACVA,ACVA US Equity,ACV AUCTIONS-A,7,Industrials,11,Commercial Services & Supplies
2015,AQMS,AQMS US Equity,AQUA METALS INC,7,Industrials,11,Commercial Services & Supplies
2016,AREB,AREB US Equity,AMERICAN REBEL H,7,Industrials,11,Commercial Services & Supplies
2017,AWX,AWX US Equity,AVALON HLDGS-A,7,Industrials,11,Commercial Services & Supplies
2018,BAER,BAER US Equity,BRIDGER AEROSPAC,7,Industrials,11,Commercial Services & Supplies
2019,BCO,BCO US Equity,BRINK'S CO/THE,7,Industrials,11,Commercial Services & Supplies
2020,BRC,BRC US Equity,BRADY CORP - A,7,Industrials,11,Commercial Services & Supplies
2021,BV,BV US Equity,BRIGHTVIEW HOLDI,7,Industrials,11,Commercial Services & Supplies
2022,CECO,CECO US Equity,CECO ENVIRONMNTL,7,Industrials,11,Commercial Services & Supplies
2023,CIX,CIX US Equity,COMPX INTL INC,7,Industrials,11,Commercial Services & Supplies
2024,CLH,CLH US Equity,CLEAN HARBORS,7,Industrials,11,Commercial Services & Supplies
2025,CPRT,CPRT US Equity,COPART INC,7,Industrials,11,Commercial Services & Supplies
2026,CTAS,CTAS US Equity,CINTAS CORP,7,Industrials,11,Commercial Services & Supplies
2027,CVEO,CVEO US Equity,CIVEO CORP,7,Industrials,11,Commercial Services & Supplies
2028,CWST,CWST US Equity,CASELLA WASTE,7,Industrials,11,Commercial Services & Supplies
2029,CXW,CXW US Equity,CORECIVIC INC,7,Industrials,11,Commercial Services & Supplies
2030,DEVS,DEVS US Equity,DEVVSTREAM CORP,7,Industrials,11,Commercial Services & Supplies
2031,DLX,DLX US Equity,DELUXE CORP,7,Industrials,11,Commercial Services & Supplies
2032,DRVN,DRVN US Equity,DRIVEN BRANDS HO,7,Industrials,11,Commercial Services & Supplies
2033,DSS,DSS US Equity,DSS INC,7,Industrials,11,Commercial Services & Supplies
2034,EBF,EBF US Equity,ENNIS INC,7,Industrials,11,Commercial Services & Supplies
2035,FTEK,FTEK US Equity,FUEL TECH INC,7,Industrials,11,Commercial Services & Supplies
2036,GEO,GEO US Equity,GEO GROUP INC/TH,7,Industrials,11,Commercial Services & Supplies
2037,GWAV,GWAV US Equity,GREENWAVE TECHNO,7,Industrials,11,Commercial Services & Supplies
2038,HCSG,HCSG US Equity,HEALTHCARE SERVS,7,Industrials,11,Commercial Services & Supplies
2039,HNI,HNI US Equity,HNI CORP,7,Industrials,11,Commercial Services & Supplies
2040,KAR,KAR US Equity,OPENLANE INC,7,Industrials,11,Commercial Services & Supplies
2041,KSCP,KSCP US Equity,KNIGHTSCOPE IN-A,7,Industrials,11,Commercial Services & Supplies
2042,LNZA,LNZA US Equity,LANZATECH GLOBAL,7,Industrials,11,Commercial Services & Supplies
2043,LQDT,LQDT US Equity,LIQUIDITY SERVIC,7,Industrials,11,Commercial Services & Supplies
2044,MEG,MEG US Equity,MONTROSE ENVIRON,7,Industrials,11,Commercial Services & Supplies
2045,MLKN,MLKN US Equity,MILLERKNOLL INC,7,Industrials,11,Commercial Services & Supplies
2046,MSA,MSA US Equity,MSA SAFETY INC,7,Industrials,11,Commercial Services & Supplies
2047,NL,NL US Equity,NL INDUSTRIES,7,Industrials,11,Commercial Services & Supplies
2048,NVRI,NVRI US Equity,ENVIRI CORP,7,Industrials,11,Commercial Services & Supplies
2049,OMEX,OMEX US Equity,ODYSSEY MARINE,7,Industrials,11,Commercial Services & Supplies
2050,PBI,PBI US Equity,PITNEY BOWES INC,7,Industrials,11,Commercial Services & Supplies
2051,PESI,PESI US Equity,PERMA-FIX ENVIR,7,Industrials,11,Commercial Services & Supplies
2052,QRHC,QRHC US Equity,QUEST RESOURCE H,7,Industrials,11,Commercial Services & Supplies
2053,QUAD,QUAD US Equity,QUAD GRAPHICS IN,7,Industrials,11,Commercial Services & Supplies
2054,RBA,RBA US Equity,RB GLOBAL INC,7,Industrials,11,Commercial Services & Supplies
2055,ROL,ROL US Equity,ROLLINS INC,7,Industrials,11,Commercial Services & Supplies
2056,RSG,RSG US Equity,REPUBLIC SVCS,7,Industrials,11,Commercial Services & Supplies
2057,SCS,SCS US Equity,STEELCASE INC-A,7,Industrials,11,Commercial Services & Supplies
2058,TILE,TILE US Equity,INTERFACE INC,7,Industrials,11,Commercial Services & Supplies
2059,TISI,TISI US Equity,TEAM INC,7,Industrials,11,Commercial Services & Supplies
2060,TOMZ,TOMZ US Equity,TOMI ENVIRONMENT,7,Industrials,11,Commercial Services & Supplies
2061,TTEK,TTEK US Equity,TETRA TECH INC,7,Industrials,11,Commercial Services & Supplies
2062,UNF,UNF US Equity,UNIFIRST CORP/MA,7,Industrials,11,Commercial Services & Supplies
2063,VIRC,VIRC US Equity,VIRCO MFG,7,Industrials,11,Commercial Services & Supplies
2064,VLTO,VLTO US Equity,VERALTO CORP,7,Industrials,11,Commercial Services & Supplies
2065,VSEC,VSEC US Equity,VSE CORP,7,Industrials,11,Commercial Services & Supplies
2066,VSTS,VSTS US Equity,VESTIS CORP,7,Industrials,11,Commercial Services & Supplies
2067,WM,WM US Equity,WASTE MANAGEMENT,7,Industrials,11,Commercial Services & Supplies
2068,ACA,ACA US Equity,ARCOSA INC,7,Industrials,13,Construction & Engineering
2069,ACM,ACM US Equity,AECOM,7,Industrials,13,Construction & Engineering
2070,AGX,AGX US Equity,ARGAN INC,7,Industrials,13,Construction & Engineering
2071,AMRC,AMRC US Equity,AMERESCO INC-A,7,Industrials,13,Construction & Engineering
2072,APG,APG US Equity,API GROUP CORP,7,Industrials,13,Construction & Engineering
2073,BBCP,BBCP US Equity,CONCRETE PUMPING,7,Industrials,13,Construction & Engineering
2074,BWMN,BWMN US Equity,BOWMAN CONSULTIN,7,Industrials,13,Construction & Engineering
2075,CTRI,CTRI US Equity,CENTURI HOLDINGS,7,Industrials,13,Construction & Engineering
2076,DY,DY US Equity,DYCOM INDS,7,Industrials,13,Construction & Engineering
2077,ECG,ECG US Equity,EVERUS CONSTRUCT,7,Industrials,13,Construction & Engineering
2078,EME,EME US Equity,EMCOR GROUP INC,7,Industrials,13,Construction & Engineering
2079,FIX,FIX US Equity,COMFORT SYSTEMS,7,Industrials,13,Construction & Engineering
2080,FLR,FLR US Equity,FLUOR CORP,7,Industrials,13,Construction & Engineering
2081,GLDD,GLDD US Equity,GREAT LAKES DRED,7,Industrials,13,Construction & Engineering
2082,GVA,GVA US Equity,GRANITE CONSTR,7,Industrials,13,Construction & Engineering
2083,IESC,IESC US Equity,IES HOLDINGS INC,7,Industrials,13,Construction & Engineering
2084,LMB,LMB US Equity,LIMBACH HOLDINGS,7,Industrials,13,Construction & Engineering
2085,MTRX,MTRX US Equity,MATRIX SERVICE,7,Industrials,13,Construction & Engineering
2086,MTZ,MTZ US Equity,MASTEC INC,7,Industrials,13,Construction & Engineering
2087,MYRG,MYRG US Equity,MYR GROUP INC/DE,7,Industrials,13,Construction & Engineering
2088,NCRA,NCRA US Equity,NOCERA INC,7,Industrials,13,Construction & Engineering
2089,NWPX,NWPX US Equity,NORTHWEST PIPE,7,Industrials,13,Construction & Engineering
2090,ORN,ORN US Equity,ORION GROUP HOLD,7,Industrials,13,Construction & Engineering
2091,PRIM,PRIM US Equity,PRIMORIS SERVICE,7,Industrials,13,Construction & Engineering
2092,PWR,PWR US Equity,QUANTA SERVICES,7,Industrials,13,Construction & Engineering
2093,ROAD,ROAD US Equity,CONSTRUCTION P-A,7,Industrials,13,Construction & Engineering
2094,SGBX,SGBX US Equity,SAFE & GREEN HOL,7,Industrials,13,Construction & Engineering
2095,SHIM,SHIM US Equity,SHIMMICK CORP,7,Industrials,13,Construction & Engineering
2096,SLND,SLND US Equity,SOUTHLAND HOLDIN,7,Industrials,13,Construction & Engineering
2097,SOL,SOL US Equity,EMEREN GROUP LTD,7,Industrials,13,Construction & Engineering
2098,STRL,STRL US Equity,STERLING INFRAST,7,Industrials,13,Construction & Engineering
2099,TPC,TPC US Equity,TUTOR PERINI COR,7,Industrials,13,Construction & Engineering
2100,VATE,VATE US Equity,INNOVATE CORP,7,Industrials,13,Construction & Engineering
2101,VMI,VMI US Equity,VALMONT INDS,7,Industrials,13,Construction & Engineering
2102,WSC,WSC US Equity,WILLSCOT HOLDING,7,Industrials,13,Construction & Engineering
2103,ADN,ADN US Equity,ADVENT TECHNOLOG,7,Industrials,22,Electrical Equipment
2104,ALNT,ALNT US Equity,ALLIENT INC,7,Industrials,22,Electrical Equipment
2105,AME,AME US Equity,AMETEK INC,7,Industrials,22,Electrical Equipment
2106,AMPX,AMPX US Equity,AMPRIUS TECHNOLO,7,Industrials,22,Electrical Equipment
2107,AMSC,AMSC US Equity,AMER SUPERCONDTR,7,Industrials,22,Electrical Equipment
2108,ARRY,ARRY US Equity,ARRAY TECHNOLOGI,7,Industrials,22,Electrical Equipment
2109,ATKR,ATKR US Equity,ATKORE INC,7,Industrials,22,Electrical Equipment
2110,AYI,AYI US Equity,ACUITY INC,7,Industrials,22,Electrical Equipment
2111,BE,BE US Equity,BLOOM ENERGY C-A,7,Industrials,22,Electrical Equipment
2112,BEEM,BEEM US Equity,BEAM GLOBAL,7,Industrials,22,Electrical Equipment
2113,BLNK,BLNK US Equity,BLINK CHARGING C,7,Industrials,22,Electrical Equipment
2114,BW,BW US Equity,BABCOCK & WILCOX,7,Industrials,22,Electrical Equipment
2115,BWEN,BWEN US Equity,BROADWIND INC,7,Industrials,22,Electrical Equipment
2116,CHPT,CHPT US Equity,CHARGEPOINT HOLD,7,Industrials,22,Electrical Equipment
2117,DFLI,DFLI US Equity,DRAGONFLY ENERGY,7,Industrials,22,Electrical Equipment
2118,EAF,EAF US Equity,GRAFTECH INTERNA,7,Industrials,22,Electrical Equipment
2119,EFOI,EFOI US Equity,ENERGY FOCUS INC,7,Industrials,22,Electrical Equipment
2120,EMR,EMR US Equity,EMERSON ELEC CO,7,Industrials,22,Electrical Equipment
2121,ENS,ENS US Equity,ENERSYS,7,Industrials,22,Electrical Equipment
2122,ENVX,ENVX US Equity,ENOVIX CORP,7,Industrials,22,Electrical Equipment
2123,EOSE,EOSE US Equity,EOS ENERGY ENTER,7,Industrials,22,Electrical Equipment
2124,ESP,ESP US Equity,ESPEY MFG & ELEC,7,Industrials,22,Electrical Equipment
2125,FCEL,FCEL US Equity,FUELCELL ENERGY,7,Industrials,22,Electrical Equipment
2126,FLNC,FLNC US Equity,FLUENCE ENERGY I,7,Industrials,22,Electrical Equipment
2127,FLUX,FLUX US Equity,FLUX POWER HOLDI,7,Industrials,22,Electrical Equipment
2128,FTCI,FTCI US Equity,FTC SOLAR INC,7,Industrials,22,Electrical Equipment
2129,GEV,GEV US Equity,GE VERNOVA INC,7,Industrials,22,Electrical Equipment
2130,GNRC,GNRC US Equity,GENERAC HOLDINGS,7,Industrials,22,Electrical Equipment
2131,GWH,GWH US Equity,ESS TECH INC,7,Industrials,22,Electrical Equipment
2132,HUBB,HUBB US Equity,HUBBELL INC,7,Industrials,22,Electrical Equipment
2133,HYLN,HYLN US Equity,HYLIION HOLDINGS,7,Industrials,22,Electrical Equipment
2134,IPWR,IPWR US Equity,IDEAL POWER INC,7,Industrials,22,Electrical Equipment
2135,KULR,KULR US Equity,KULR TECHNOLOGY,7,Industrials,22,Electrical Equipment
2136,LYTS,LYTS US Equity,LSI INDUSTRIES,7,Industrials,22,Electrical Equipment
2137,NEOV,NEOV US Equity,NEOVOLTA INC,7,Industrials,22,Electrical Equipment
2138,NNE,NNE US Equity,NANO NUCLEAR ENE,7,Industrials,22,Electrical Equipment
2139,NPWR,NPWR US Equity,NET POWER INC,7,Industrials,22,Electrical Equipment
2140,NRGV,NRGV US Equity,ENERGY VAULT HOL,7,Industrials,22,Electrical Equipment
2141,NVVE,NVVE US Equity,NUVVE HOLDING CO,7,Industrials,22,Electrical Equipment
2142,NXT,NXT US Equity,NEXTRACKER-CL A,7,Industrials,22,Electrical Equipment
2143,OESX,OESX US Equity,ORION ENERGY SYS,7,Industrials,22,Electrical Equipment
2144,OPTT,OPTT US Equity,OCEAN POWER TECH,7,Industrials,22,Electrical Equipment
2145,PLPC,PLPC US Equity,PREFORMED LINE,7,Industrials,22,Electrical Equipment
2146,PLUG,PLUG US Equity,PLUG POWER INC,7,Industrials,22,Electrical Equipment
2147,POLA,POLA US Equity,POLAR POWER INC,7,Industrials,22,Electrical Equipment
2148,POWL,POWL US Equity,POWELL INDS INC,7,Industrials,22,Electrical Equipment
2149,PPSI,PPSI US Equity,PIONEER POWER SO,7,Industrials,22,Electrical Equipment
2150,PSIX,PSIX US Equity,POWER SOLUTIONS,7,Industrials,22,Electrical Equipment
2151,ROK,ROK US Equity,ROCKWELL AUTOMAT,7,Industrials,22,Electrical Equipment
2152,RRX,RRX US Equity,REGAL REXNORD CO,7,Industrials,22,Electrical Equipment
2153,RUN,RUN US Equity,SUNRUN INC,7,Industrials,22,Electrical Equipment
2154,SDST,SDST US Equity,STARDUST POWER I,7,Industrials,22,Electrical Equipment
2155,SES,SES US Equity,SES AI CORP,7,Industrials,22,Electrical Equipment
2156,SHLS,SHLS US Equity,SHOALS TECHNOL-A,7,Industrials,22,Electrical Equipment
2157,SKYX,SKYX US Equity,SKYX PLATFORMS C,7,Industrials,22,Electrical Equipment
2158,SMR,SMR US Equity,NUSCALE POWER CO,7,Industrials,22,Electrical Equipment
2159,SMXT,SMXT US Equity,SOLARMAX TECHNOL,7,Industrials,22,Electrical Equipment
2160,SPWR,SPWR US Equity,COMPLETE SOLARIA,7,Industrials,22,Electrical Equipment
2161,ST,ST US Equity,SENSATA TECHNOLO,7,Industrials,22,Electrical Equipment
2162,STEM,STEM US Equity,STEM INC,7,Industrials,22,Electrical Equipment
2163,STI,STI US Equity,SOLIDION TECHNOL,7,Industrials,22,Electrical Equipment
2164,SUNE,SUNE US Equity,SUNATION ENERGY,7,Industrials,22,Electrical Equipment
2165,SVT,SVT US Equity,SERVOTRONICS INC,7,Industrials,22,Electrical Equipment
2166,TE,TE US Equity,T1 ENERGY INC,7,Industrials,22,Electrical Equipment
2167,THR,THR US Equity,THERMON GROUP HO,7,Industrials,22,Electrical Equipment
2168,TPIC,TPIC US Equity,TPI COMPOSITES I,7,Industrials,22,Electrical Equipment
2169,TYGO,TYGO US Equity,TIGO ENERGY INC,7,Industrials,22,Electrical Equipment
2170,ULBI,ULBI US Equity,ULTRALIFE CORP,7,Industrials,22,Electrical Equipment
2171,VICR,VICR US Equity,VICOR CORP,7,Industrials,22,Electrical Equipment
2172,VRT,VRT US Equity,VERTIV HOLDING-A,7,Industrials,22,Electrical Equipment
2173,WATT,WATT US Equity,ENERGOUS CORP,7,Industrials,22,Electrical Equipment
2174,WWR,WWR US Equity,WESTWATER RESOUR,7,Industrials,22,Electrical Equipment
2175,XPON,XPON US Equity,EXPION360 INC,7,Industrials,22,Electrical Equipment
2176,ZEO,ZEO US Equity,ZEO ENERGY CORP,7,Industrials,22,Electrical Equipment
