ticker_id,ticker,ticker-full,short-name,sector_id,sector,industry_id,industry
1,ASTS,ASTS US Equity,AST SPACEMOBILE,1,Communication Services,20,Diversified Telecommunication Services
2,ATEX,ATEX US Equity,ANTERIX INC,1,Communication Services,20,Diversified Telecommunication Services
3,ATNI,ATNI US Equity,ATN INTERNATIONA,1,Communication Services,20,Diversified Telecommunication Services
4,BAND,BAND US Equity,BANDWIDTH INC-A,1,Communication Services,20,Diversified Telecommunication Services
5,CCOI,CCOI US Equity,COGENT COMMUNICA,1,Communication Services,20,Diversified Telecommunication Services
6,FYBR,FYBR US Equity,FRONTIER COMMUNI,1,Communication Services,20,Diversified Telecommunication Services
7,GSAT,GSAT US Equity,GLOBALSTAR INC,1,Communication Services,20,Diversified Telecommunication Services
8,IDT,IDT US Equity,IDT CORP-CLASS B,1,Communication Services,20,Diversified Telecommunication Services
9,IQST,IQST US Equity,IQSTEL INC,1,Communication Services,20,Diversified Telecommunication Services
10,IRDM,IRDM US Equity,IRIDIUM COMMUNIC,1,Communication Services,20,Diversified Telecommunication Services
11,LILA,LILA US Equity,LIBERTY LATI-A,1,Communication Services,20,Diversified Telecommunication Services
12,LILAK,LILAK US Equity,LIBERTY LATI-C,1,Communication Services,20,Diversified Telecommunication Services
13,LUMN,LUMN US Equity,LUMEN TECHNOLOGI,1,Communication Services,20,Diversified Telecommunication Services
14,NXPL,NXPL US Equity,NEXTPLAT CORP,1,Communication Services,20,Diversified Telecommunication Services
15,SHEN,SHEN US Equity,SHENANDOAH TELEC,1,Communication Services,20,Diversified Telecommunication Services
16,T,T US Equity,AT&T INC,1,Communication Services,20,Diversified Telecommunication Services
17,VZ,VZ US Equity,VERIZON COMMUNIC,1,Communication Services,20,Diversified Telecommunication Services
18,AMC,AMC US Equity,AMC ENTERTAINMEN,1,Communication Services,25,Entertainment
19,BATRA,BATRA US Equity,ATLANTA BRAVES H,1,Communication Services,25,Entertainment
20,BATRK,BATRK US Equity,ATLANTA BRAVES H,1,Communication Services,25,Entertainment
21,BLMZ,BLMZ US Equity,BLOOMZ INC,1,Communication Services,25,Entertainment
22,CNK,CNK US Equity,CINEMARK HOLDING,1,Communication Services,25,Entertainment
23,CNVS,CNVS US Equity,CINEVERSE CORP,1,Communication Services,25,Entertainment
24,CURI,CURI US Equity,CURIOSITYSTREAM,1,Communication Services,25,Entertainment
25,DIS,DIS US Equity,WALT DISNEY CO/T,1,Communication Services,25,Entertainment
26,DLPN,DLPN US Equity,DOLPHIN ENTERTAI,1,Communication Services,25,Entertainment
27,EA,EA US Equity,ELECTRONIC ARTS,1,Communication Services,25,Entertainment
28,EB,EB US Equity,EVENTBRITE INC-A,1,Communication Services,25,Entertainment
29,FWONA,FWONA US Equity,LIBERTY MEDIA CO,1,Communication Services,25,Entertainment
30,FWONK,FWONK US Equity,LIBERTY MEDIA CO,1,Communication Services,25,Entertainment
31,GAIA,GAIA US Equity,GAIA INC,1,Communication Services,25,Entertainment
32,GMGI,GMGI US Equity,GOLDEN MATRIX GR,1,Communication Services,25,Entertainment
33,GXAI,GXAI US Equity,GAXOS.AI INC,1,Communication Services,25,Entertainment
34,LLYVA,LLYVA US Equity,LIBERTY MEDIA CO,1,Communication Services,25,Entertainment
35,LLYVK,LLYVK US Equity,LIBERTY MEDIA CO,1,Communication Services,25,Entertainment
36,LVO,LVO US Equity,LIVEONE INC,1,Communication Services,25,Entertainment
37,LYV,LYV US Equity,LIVE NATION ENTE,1,Communication Services,25,Entertainment
38,MCS,MCS US Equity,MARCUS CORP,1,Communication Services,25,Entertainment
39,MITQ,MITQ US Equity,MOVING IMAGE TEC,1,Communication Services,25,Entertainment
40,MSGE,MSGE US Equity,MADISON SQUARE G,1,Communication Services,25,Entertainment
41,MSGM,MSGM US Equity,MOTORSPORT GAM-A,1,Communication Services,25,Entertainment
42,MSGS,MSGS US Equity,MADISON SQUARE G,1,Communication Services,25,Entertainment
43,MYPS,MYPS US Equity,PLAYSTUDIOS INC,1,Communication Services,25,Entertainment
44,NFLX,NFLX US Equity,NETFLIX INC,1,Communication Services,25,Entertainment
45,PODC,PODC US Equity,PODCASTONE INC,1,Communication Services,25,Entertainment
46,RBLX,RBLX US Equity,ROBLOX CORP - A,1,Communication Services,25,Entertainment
47,RDI,RDI US Equity,READING INTL-A,1,Communication Services,25,Entertainment
48,RDIB,RDIB US Equity,READING INTL-B,1,Communication Services,25,Entertainment
49,ROKU,ROKU US Equity,ROKU INC,1,Communication Services,25,Entertainment
50,RSVR,RSVR US Equity,RESERVOIR MEDIA,1,Communication Services,25,Entertainment
51,SEAT,SEAT US Equity,VIVID SEATS IN-A,1,Communication Services,25,Entertainment
52,SKLZ,SKLZ US Equity,SKILLZ INC,1,Communication Services,25,Entertainment
53,SNAL,SNAL US Equity,SNAIL INC - CL A,1,Communication Services,25,Entertainment
54,SPHR,SPHR US Equity,SPHERE ENTERTAIN,1,Communication Services,25,Entertainment
55,STRZ,STRZ US Equity,STARZ ENTERTAINM,1,Communication Services,25,Entertainment
56,TBH,TBH US Equity,BRAG HOUSE HOLDI,1,Communication Services,25,Entertainment
57,TKO,TKO US Equity,TKO GROUP HOLDIN,1,Communication Services,25,Entertainment
58,TOON,TOON US Equity,KARTOON STUDIOS,1,Communication Services,25,Entertainment
59,TRUG,TRUG US Equity,TRUGOLF HOLDIN-A,1,Communication Services,25,Entertainment
60,TTWO,TTWO US Equity,TAKE-TWO INTERAC,1,Communication Services,25,Entertainment
61,WBD,WBD US Equity,WARNER BROS DISC,1,Communication Services,25,Entertainment
62,WMG,WMG US Equity,WARNER MUSIC-A,1,Communication Services,25,Entertainment
63,ANGI,ANGI US Equity,ANGI INC,1,Communication Services,41,Interactive Media & Services
64,AREN,AREN US Equity,ARENA GROUP HOLD,1,Communication Services,41,Interactive Media & Services
65,BMBL,BMBL US Equity,BUMBLE INC-A,1,Communication Services,41,Interactive Media & Services
66,BZFD,BZFD US Equity,BUZZFEED INC,1,Communication Services,41,Interactive Media & Services
67,CARG,CARG US Equity,CARGURUS INC,1,Communication Services,41,Interactive Media & Services
68,CARS,CARS US Equity,CARS.COM INC,1,Communication Services,41,Interactive Media & Services
69,DHX,DHX US Equity,DHI GROUP INC,1,Communication Services,41,Interactive Media & Services
70,DJT,DJT US Equity,TRUMP MEDIA & TE,1,Communication Services,41,Interactive Media & Services
71,EVER,EVER US Equity,EVERQUOTE INC-A,1,Communication Services,41,Interactive Media & Services
72,FUBO,FUBO US Equity,FUBOTV INC,1,Communication Services,41,Interactive Media & Services
73,GETY,GETY US Equity,GETTY IMAGES HOL,1,Communication Services,41,Interactive Media & Services
74,GIFT,GIFT US Equity,GIFTIFY INC,1,Communication Services,41,Interactive Media & Services
75,GOOG,GOOG US Equity,ALPHABET INC-C,1,Communication Services,41,Interactive Media & Services
76,GOOGL,GOOGL US Equity,ALPHABET INC-A,1,Communication Services,41,Interactive Media & Services
77,GRND,GRND US Equity,GRINDR INC,1,Communication Services,41,Interactive Media & Services
78,GTM,GTM US Equity,ZOOMINFO TECH,1,Communication Services,41,Interactive Media & Services
79,HWH,HWH US Equity,HWH INTERNATIONA,1,Communication Services,41,Interactive Media & Services
80,IAC,IAC US Equity,IAC INC,1,Communication Services,41,Interactive Media & Services
81,IPM,IPM US Equity,INTELLIGENT PROT,1,Communication Services,41,Interactive Media & Services
82,IZEA,IZEA US Equity,IZEA WORLDWIDE I,1,Communication Services,41,Interactive Media & Services
83,KIND,KIND US Equity,NEXTDOOR HOLDING,1,Communication Services,41,Interactive Media & Services
84,MAX,MAX US Equity,MEDIAALPHA INC-A,1,Communication Services,41,Interactive Media & Services
85,META,META US Equity,META PLATFORMS-A,1,Communication Services,41,Interactive Media & Services
86,MTCH,MTCH US Equity,MATCH GROUP INC,1,Communication Services,41,Interactive Media & Services
87,PINS,PINS US Equity,PINTEREST INC -A,1,Communication Services,41,Interactive Media & Services
88,PSQH,PSQH US Equity,PSQ HOLDINGS INC,1,Communication Services,41,Interactive Media & Services
89,QNST,QNST US Equity,QUINSTREET INC,1,Communication Services,41,Interactive Media & Services
90,RDDT,RDDT US Equity,REDDIT INC-A,1,Communication Services,41,Interactive Media & Services
91,RUM,RUM US Equity,RUMBLE INC,1,Communication Services,41,Interactive Media & Services
92,SLE,SLE US Equity,SUPER LEAGUE ENT,1,Communication Services,41,Interactive Media & Services
93,SNAP,SNAP US Equity,SNAP INC - A,1,Communication Services,41,Interactive Media & Services
94,SOPA,SOPA US Equity,SOCIETY PASS INC,1,Communication Services,41,Interactive Media & Services
95,SST,SST US Equity,SYSTEM1 INC,1,Communication Services,41,Interactive Media & Services
96,SSTK,SSTK US Equity,SHUTTERSTOCK INC,1,Communication Services,41,Interactive Media & Services
97,TEAD,TEAD US Equity,TEADS HOLDING CO,1,Communication Services,41,Interactive Media & Services
98,TRIP,TRIP US Equity,TRIPADVISOR INC,1,Communication Services,41,Interactive Media & Services
99,TZOO,TZOO US Equity,TRAVELZOO,1,Communication Services,41,Interactive Media & Services
100,VMEO,VMEO US Equity,VIMEO INC,1,Communication Services,41,Interactive Media & Services
101,WBTN,WBTN US Equity,WEBTOON ENTERTAI,1,Communication Services,41,Interactive Media & Services
102,YELP,YELP US Equity,YELP INC,1,Communication Services,41,Interactive Media & Services
103,ZD,ZD US Equity,ZIFF DAVIS INC,1,Communication Services,41,Interactive Media & Services
104,ZDGE,ZDGE US Equity,ZEDGE INC-B,1,Communication Services,41,Interactive Media & Services
105,ZIP,ZIP US Equity,ZIPRECRUITER INC,1,Communication Services,41,Interactive Media & Services
106,TRUE,TRUE US Equity,TRUECAR INC,1,Communication Services,41,Interactive Media & Services
107,ADV,ADV US Equity,ADVANTAGE SOLUTI,1,Communication Services,46,Media
108,AMCX,AMCX US Equity,AMC NETWORKS-A,1,Communication Services,46,Media
109,ASST,ASST US Equity,ASSET ENTITIES-B,1,Communication Services,46,Media
110,ATUS,ATUS US Equity,ALTICE USA INC-A,1,Communication Services,46,Media
111,BBGI,BBGI US Equity,BEASLEY BROAD -A,1,Communication Services,46,Media
112,BOC,BOC US Equity,BOSTON OMAHA -A,1,Communication Services,46,Media
113,CABO,CABO US Equity,CABLE ONE INC,1,Communication Services,46,Media
114,CCO,CCO US Equity,CLEAR CHANNEL OU,1,Communication Services,46,Media
115,CDLX,CDLX US Equity,CARDLYTICS INC,1,Communication Services,46,Media
116,CHTR,CHTR US Equity,CHARTER COMMUN-A,1,Communication Services,46,Media
117,CMCSA,CMCSA US Equity,COMCAST CORP-A,1,Communication Services,46,Media
118,CREX,CREX US Equity,CREATIVE REALITI,1,Communication Services,46,Media
119,DALN,DALN US Equity,DALLASNEWS CORP,1,Communication Services,46,Media
120,DRCT,DRCT US Equity,DIRECT DIGITAL-A,1,Communication Services,46,Media
121,DV,DV US Equity,DOUBLEVERIFY HOL,1,Communication Services,46,Media
122,EEX,EEX US Equity,EMERALD HOLDING,1,Communication Services,46,Media
123,EVC,EVC US Equity,ENTRAVISION CO-A,1,Communication Services,46,Media
124,FLNT,FLNT US Equity,FLUENT INC,1,Communication Services,46,Media
125,FOX,FOX US Equity,FOX CORP - B,1,Communication Services,46,Media
126,FOXA,FOXA US Equity,FOX CORP - A,1,Communication Services,46,Media
127,GCI,GCI US Equity,GANNETT CO INC,1,Communication Services,46,Media
128,GTN,GTN US Equity,GRAY MEDIA INC,1,Communication Services,46,Media
129,GTN/A,GTN/A US Equity,GRAY MEDIA INC-A,1,Communication Services,46,Media
130,HHS,HHS US Equity,HARTE-HANKS INC,1,Communication Services,46,Media
131,IAS,IAS US Equity,INTEGRAL AD SCIE,1,Communication Services,46,Media
132,IBTA,IBTA US Equity,IBOTTA INC-CL A,1,Communication Services,46,Media
133,IHRT,IHRT US Equity,IHEARTMEDIA-CL A,1,Communication Services,46,Media
134,IPG,IPG US Equity,INTERPUBLIC GRP,1,Communication Services,46,Media
135,LBRDA,LBRDA US Equity,LIBERTY BR-A,1,Communication Services,46,Media
136,LBRDK,LBRDK US Equity,LIBERTY BR-C,1,Communication Services,46,Media
137,LEE,LEE US Equity,LEE ENTERPRISES,1,Communication Services,46,Media
138,MCHX,MCHX US Equity,MARCHEX INC-B,1,Communication Services,46,Media
139,MGNI,MGNI US Equity,MAGNITE INC,1,Communication Services,46,Media
140,MNTN,MNTN US Equity,MNTN INC-A,1,Communication Services,46,Media
141,NCMI,NCMI US Equity,NATIONAL CINEMED,1,Communication Services,46,Media
142,NMAX,NMAX US Equity,NEWSMAX INC,1,Communication Services,46,Media
143,NWS,NWS US Equity,NEWS CORP-CL B,1,Communication Services,46,Media
144,NWSA,NWSA US Equity,NEWS CORP-CL A,1,Communication Services,46,Media
145,NXST,NXST US Equity,NEXSTAR MEDIA,1,Communication Services,46,Media
146,NYT,NYT US Equity,NEW YORK TIMES-A,1,Communication Services,46,Media
147,OMC,OMC US Equity,OMNICOM GROUP,1,Communication Services,46,Media
148,PARA,PARA US Equity,PARAMOUNT GLOB-B,1,Communication Services,46,Media
149,PARAA,PARAA US Equity,PARAMOUNT GLOB-A,1,Communication Services,46,Media
150,PUBM,PUBM US Equity,PUBMATIC INC-A,1,Communication Services,46,Media
151,SATS,SATS US Equity,ECHOSTAR CORP-A,1,Communication Services,46,Media
152,SBGI,SBGI US Equity,SINCLAIR INC,1,Communication Services,46,Media
153,SCHL,SCHL US Equity,SCHOLASTIC CORP,1,Communication Services,46,Media
154,SCOR,SCOR US Equity,COMSCORE INC,1,Communication Services,46,Media
155,SGA,SGA US Equity,SAGA COMM-CL A,1,Communication Services,46,Media
156,SGRP,SGRP US Equity,SPAR GROUP INC,1,Communication Services,46,Media
157,SIRI,SIRI US Equity,SIRIUS XM HOLDIN,1,Communication Services,46,Media
158,SSP,SSP US Equity,EW SCRIPPS-A,1,Communication Services,46,Media
159,STGW,STGW US Equity,STAGWELL INC,1,Communication Services,46,Media
160,SWAG,SWAG US Equity,STRAN & CO INC,1,Communication Services,46,Media
161,TGL,TGL US Equity,TREASURE GLOBAL,1,Communication Services,46,Media
162,TGNA,TGNA US Equity,TEGNA INC,1,Communication Services,46,Media
163,THRY,THRY US Equity,THRYV HOLDINGS I,1,Communication Services,46,Media
164,TSQ,TSQ US Equity,TOWNSQUARE MED-A,1,Communication Services,46,Media
165,TTD,TTD US Equity,TRADE DESK INC-A,1,Communication Services,46,Media
166,TTGT,TTGT US Equity,TECHTARGET INC,1,Communication Services,46,Media
167,UONE,UONE US Equity,URBAN ONE INC,1,Communication Services,46,Media
168,UONEK,UONEK US Equity,URBAN ONE INC,1,Communication Services,46,Media
169,WLY,WLY US Equity,WILEY JOHN&SON-A,1,Communication Services,46,Media
170,WLYB,WLYB US Equity,WILEY JOHN&SON-B,1,Communication Services,46,Media
171,WOW,WOW US Equity,WIDEOPENWEST INC,1,Communication Services,46,Media
172,XHLD,XHLD US Equity,TEN HOLDINGS INC,1,Communication Services,46,Media
173,YHC,YHC US Equity,LQR HOUSE INC,1,Communication Services,46,Media
174,GOGO,GOGO US Equity,GOGO INC,1,Communication Services,65,Wireless Telecommunication Services
175,KORE,KORE US Equity,KORE GROUP HOLDI,1,Communication Services,65,Wireless Telecommunication Services
176,SPOK,SPOK US Equity,SPOK HOLDINGS IN,1,Communication Services,65,Wireless Telecommunication Services
177,TDS,TDS US Equity,TELEPHONE & DATA,1,Communication Services,65,Wireless Telecommunication Services
178,TMUS,TMUS US Equity,T-MOBILE US INC,1,Communication Services,65,Wireless Telecommunication Services
179,USM,USM US Equity,US CELLULAR CORP,1,Communication Services,65,Wireless Telecommunication Services
180,ADNT,ADNT US Equity,ADIENT PLC,2,Consumer Discretionary,3,Automobile Components
181,AXL,AXL US Equity,AMER AXLE & MFG,2,Consumer Discretionary,3,Automobile Components
182,BWA,BWA US Equity,BORGWARNER INC,2,Consumer Discretionary,3,Automobile Components
183,CPS,CPS US Equity,COOPER-STANDARD,2,Consumer Discretionary,3,Automobile Components
184,DAN,DAN US Equity,DANA INC,2,Consumer Discretionary,3,Automobile Components
185,DORM,DORM US Equity,DORMAN PRODUCTS,2,Consumer Discretionary,3,Automobile Components
186,FOXF,FOXF US Equity,FOX FACTORY HOLD,2,Consumer Discretionary,3,Automobile Components
187,GNTX,GNTX US Equity,GENTEX CORP,2,Consumer Discretionary,3,Automobile Components
188,GT,GT US Equity,GOODYEAR TIRE,2,Consumer Discretionary,3,Automobile Components
189,HLLY,HLLY US Equity,HOLLEY INC,2,Consumer Discretionary,3,Automobile Components
190,LAZR,LAZR US Equity,LUMINAR TECHNOLO,2,Consumer Discretionary,3,Automobile Components
191,LCII,LCII US Equity,LCI INDUSTRIES,2,Consumer Discretionary,3,Automobile Components
192,LEA,LEA US Equity,LEAR CORP,2,Consumer Discretionary,3,Automobile Components
193,MKDW,MKDW US Equity,MKD TECH INC,2,Consumer Discretionary,3,Automobile Components
194,MOD,MOD US Equity,MODINE MFG CO,2,Consumer Discretionary,3,Automobile Components
195,MPAA,MPAA US Equity,MOTORCAR PARTS,2,Consumer Discretionary,3,Automobile Components
196,PATK,PATK US Equity,PATRICK INDS INC,2,Consumer Discretionary,3,Automobile Components
197,PHIN,PHIN US Equity,PHINIA INC,2,Consumer Discretionary,3,Automobile Components
198,QS,QS US Equity,QUANTUMSCAPE COR,2,Consumer Discretionary,3,Automobile Components
199,SLDP,SLDP US Equity,SOLID POWER INC,2,Consumer Discretionary,3,Automobile Components
200,SMP,SMP US Equity,STANDARD MOTOR,2,Consumer Discretionary,3,Automobile Components
201,SRI,SRI US Equity,STONERIDGE INC,2,Consumer Discretionary,3,Automobile Components
202,STRT,STRT US Equity,STRATTEC SEC,2,Consumer Discretionary,3,Automobile Components
203,SUP,SUP US Equity,SUPERIOR INDS,2,Consumer Discretionary,3,Automobile Components
204,SYPR,SYPR US Equity,SYPRIS SOLUTIONS,2,Consumer Discretionary,3,Automobile Components
205,THRM,THRM US Equity,GENTHERM INC,2,Consumer Discretionary,3,Automobile Components
206,VC,VC US Equity,VISTEON CORP,2,Consumer Discretionary,3,Automobile Components
207,WKSP,WKSP US Equity,WORKSPORT LTD,2,Consumer Discretionary,3,Automobile Components
208,XPEL,XPEL US Equity,XPEL INC,2,Consumer Discretionary,3,Automobile Components
209,AYRO,AYRO US Equity,AYRO INC,2,Consumer Discretionary,4,Automobiles
210,CENN,CENN US Equity,CENNTRO INC,2,Consumer Discretionary,4,Automobiles
211,ECDA,ECDA US Equity,ECD AUTOMOTIVE D,2,Consumer Discretionary,4,Automobiles
212,EVTV,EVTV US Equity,ENVIROTECH VEHIC,2,Consumer Discretionary,4,Automobiles
213,F,F US Equity,FORD MOTOR CO,2,Consumer Discretionary,4,Automobiles
214,FFAI,FFAI US Equity,FARADAY FUTURE I,2,Consumer Discretionary,4,Automobiles
215,FLYE,FLYE US Equity,FLY-E GROUP INC,2,Consumer Discretionary,4,Automobiles
216,GM,GM US Equity,GENERAL MOTORS C,2,Consumer Discretionary,4,Automobiles
217,HOG,HOG US Equity,HARLEY-DAVIDSON,2,Consumer Discretionary,4,Automobiles
218,LCID,LCID US Equity,LUCID GROUP INC,2,Consumer Discretionary,4,Automobiles
219,LVWR,LVWR US Equity,LIVEWIRE GROUP I,2,Consumer Discretionary,4,Automobiles
220,MAMO,MAMO US Equity,MASSIMO GROUP,2,Consumer Discretionary,4,Automobiles
221,MULN,MULN US Equity,MULLEN AUTOMOTIV,2,Consumer Discretionary,4,Automobiles
222,RIVN,RIVN US Equity,RIVIAN AUTOMOT-A,2,Consumer Discretionary,4,Automobiles
223,THO,THO US Equity,THOR INDUSTRIES,2,Consumer Discretionary,4,Automobiles
224,TSLA,TSLA US Equity,TESLA INC,2,Consumer Discretionary,4,Automobiles
225,VLCN,VLCN US Equity,VOLCON INC,2,Consumer Discretionary,4,Automobiles
226,WGO,WGO US Equity,WINNEBAGO INDS,2,Consumer Discretionary,4,Automobiles
227,WKHS,WKHS US Equity,WORKHORSE GROUP,2,Consumer Discretionary,4,Automobiles
228,AMZN,AMZN US Equity,AMAZON.COM INC,2,Consumer Discretionary,7,Broadline Retail
229,CPNG,CPNG US Equity,COUPANG INC,2,Consumer Discretionary,7,Broadline Retail
230,DDS,DDS US Equity,DILLARDS INC-A,2,Consumer Discretionary,7,Broadline Retail
231,DIBS,DIBS US Equity,1STDIBS.COM INC,2,Consumer Discretionary,7,Broadline Retail
232,EBAY,EBAY US Equity,EBAY INC,2,Consumer Discretionary,7,Broadline Retail
233,ETSY,ETSY US Equity,ETSY INC,2,Consumer Discretionary,7,Broadline Retail
234,GRPN,GRPN US Equity,GROUPON INC,2,Consumer Discretionary,7,Broadline Retail
235,HOUR,HOUR US Equity,HOUR LOOP INC,2,Consumer Discretionary,7,Broadline Retail
236,KSS,KSS US Equity,KOHLS CORP,2,Consumer Discretionary,7,Broadline Retail
237,M,M US Equity,MACY'S INC,2,Consumer Discretionary,7,Broadline Retail
238,OLLI,OLLI US Equity,OLLIE'S BARGAIN,2,Consumer Discretionary,7,Broadline Retail
239,QVCGA,QVCGA US Equity,QVC GROUP INC,2,Consumer Discretionary,7,Broadline Retail
240,SVV,SVV US Equity,SAVERS VALUE VIL,2,Consumer Discretionary,7,Broadline Retail
241,AENT,AENT US Equity,ALLIANCE ENTERTA,2,Consumer Discretionary,18,Distributors
242,AMRK,AMRK US Equity,A-MARK PRECIOUS,2,Consumer Discretionary,18,Distributors
243,CTNT,CTNT US Equity,CHEETAH NET SUPP,2,Consumer Discretionary,18,Distributors
244,DIT,DIT US Equity,AMCON DISTRIBUT,2,Consumer Discretionary,18,Distributors
245,EDUC,EDUC US Equity,EDUCATIONAL DEV,2,Consumer Discretionary,18,Distributors
246,GCT,GCT US Equity,GIGACLOUD TECH-A,2,Consumer Discretionary,18,Distributors
247,GNLN,GNLN US Equity,GREENLANE HOLD-A,2,Consumer Discretionary,18,Distributors
248,GPC,GPC US Equity,GENUINE PARTS CO,2,Consumer Discretionary,18,Distributors
249,KAVL,KAVL US Equity,KAIVAL BRANDS IN,2,Consumer Discretionary,18,Distributors
250,LKQ,LKQ US Equity,LKQ CORP,2,Consumer Discretionary,18,Distributors
251,POOL,POOL US Equity,POOL CORP,2,Consumer Discretionary,18,Distributors
252,WEYS,WEYS US Equity,WEYCO GROUP,2,Consumer Discretionary,18,Distributors
253,ADD,ADD US Equity,COLOR STAR TECHN,2,Consumer Discretionary,19,Diversified Consumer Services
254,ADT,ADT US Equity,ADT INC,2,Consumer Discretionary,19,Diversified Consumer Services
255,ALUR,ALUR US Equity,ALLURION TECHNOL,2,Consumer Discretionary,19,Diversified Consumer Services
256,AMBO,AMBO US Equity,AMBOW EDUCAT-ADR,2,Consumer Discretionary,19,Diversified Consumer Services
257,AMST,AMST US Equity,AMESITE INC,2,Consumer Discretionary,19,Diversified Consumer Services
258,APEI,APEI US Equity,AMERICAN PUBLIC,2,Consumer Discretionary,19,Diversified Consumer Services
259,ATGE,ATGE US Equity,ADTALEM GLOBAL E,2,Consumer Discretionary,19,Diversified Consumer Services
260,BFAM,BFAM US Equity,BRIGHT HORIZONS,2,Consumer Discretionary,19,Diversified Consumer Services
261,BODI,BODI US Equity,BEACHBODY CO INC,2,Consumer Discretionary,19,Diversified Consumer Services
262,CHGG,CHGG US Equity,CHEGG INC,2,Consumer Discretionary,19,Diversified Consumer Services
263,COUR,COUR US Equity,COURSERA,2,Consumer Discretionary,19,Diversified Consumer Services
264,CSV,CSV US Equity,CARRIAGE SERVICE,2,Consumer Discretionary,19,Diversified Consumer Services
265,DUOL,DUOL US Equity,DUOLINGO,2,Consumer Discretionary,19,Diversified Consumer Services
266,EEIQ,EEIQ US Equity,EPICQUEST EDUCAT,2,Consumer Discretionary,19,Diversified Consumer Services
267,EWCZ,EWCZ US Equity,EUROPEAN WAX-A,2,Consumer Discretionary,19,Diversified Consumer Services
268,FTDR,FTDR US Equity,FRONTDOOR INC,2,Consumer Discretionary,19,Diversified Consumer Services
269,GHC,GHC US Equity,GRAHAM HOLDING-B,2,Consumer Discretionary,19,Diversified Consumer Services
270,HRB,HRB US Equity,H&R BLOCK INC,2,Consumer Discretionary,19,Diversified Consumer Services
271,KIDZ,KIDZ US Equity,CLASSOVER HOLD-B,2,Consumer Discretionary,19,Diversified Consumer Services
272,KLC,KLC US Equity,KINDERCARE LEARN,2,Consumer Discretionary,19,Diversified Consumer Services
273,LAUR,LAUR US Equity,LAUREATE EDUCATI,2,Consumer Discretionary,19,Diversified Consumer Services
274,LGCY,LGCY US Equity,LEGACY EDUCATION,2,Consumer Discretionary,19,Diversified Consumer Services
275,LINC,LINC US Equity,LINCOLN EDUCATIO,2,Consumer Discretionary,19,Diversified Consumer Services
276,LOPE,LOPE US Equity,GRAND CANYON EDU,2,Consumer Discretionary,19,Diversified Consumer Services
277,LRN,LRN US Equity,STRIDE INC,2,Consumer Discretionary,19,Diversified Consumer Services
278,MATW,MATW US Equity,MATTHEWS INTL-A,2,Consumer Discretionary,19,Diversified Consumer Services
279,MCW,MCW US Equity,MISTER CAR WASH,2,Consumer Discretionary,19,Diversified Consumer Services
280,MYND,MYND US Equity,MYND.AI INC,2,Consumer Discretionary,19,Diversified Consumer Services
281,NRDY,NRDY US Equity,NERDY INC,2,Consumer Discretionary,19,Diversified Consumer Services
282,PET,PET US Equity,WAG! GROUP CO,2,Consumer Discretionary,19,Diversified Consumer Services
283,PRDO,PRDO US Equity,PERDOCEO EDUCATI,2,Consumer Discretionary,19,Diversified Consumer Services
284,RGS,RGS US Equity,REGIS CORP,2,Consumer Discretionary,19,Diversified Consumer Services
285,SCI,SCI US Equity,SERVICE CORP INT,2,Consumer Discretionary,19,Diversified Consumer Services
286,STRA,STRA US Equity,STRATEGIC EDUCAT,2,Consumer Discretionary,19,Diversified Consumer Services
287,UDMY,UDMY US Equity,UDEMY INC,2,Consumer Discretionary,19,Diversified Consumer Services
288,UTI,UTI US Equity,UNIVERSAL TECHNI,2,Consumer Discretionary,19,Diversified Consumer Services
289,XWEL,XWEL US Equity,XWELL INC,2,Consumer Discretionary,19,Diversified Consumer Services
290,ZSPC,ZSPC US Equity,ZSPACE INC,2,Consumer Discretionary,19,Diversified Consumer Services
291,ABNB,ABNB US Equity,AIRBNB INC-A,2,Consumer Discretionary,34,"Hotels, Restaurants & Leisure"
292,ACEL,ACEL US Equity,ACCEL ENTERTAINM,2,Consumer Discretionary,34,"Hotels, Restaurants & Leisure"
293,AGAE,AGAE US Equity,ALLIED GAMING &,2,Consumer Discretionary,34,"Hotels, Restaurants & Leisure"
294,AGH,AGH US Equity,AUREUS GREENWAY,2,Consumer Discretionary,34,"Hotels, Restaurants & Leisure"
295,AGS,AGS US Equity,PLAYAGS INC,2,Consumer Discretionary,34,"Hotels, Restaurants & Leisure"
296,ARKR,ARKR US Equity,ARK RESTAURANTS,2,Consumer Discretionary,34,"Hotels, Restaurants & Leisure"
297,ARMK,ARMK US Equity,ARAMARK,2,Consumer Discretionary,34,"Hotels, Restaurants & Leisure"
298,BALY,BALY US Equity,BALLY'S CORP,2,Consumer Discretionary,34,"Hotels, Restaurants & Leisure"
299,BDL,BDL US Equity,FLANIGAN'S ENTER,2,Consumer Discretionary,34,"Hotels, Restaurants & Leisure"
300,BH,BH US Equity,BIGLARI HOLDIN-B,2,Consumer Discretionary,34,"Hotels, Restaurants & Leisure"
301,BH/A,BH/A US Equity,NBHSA INC - A,2,Consumer Discretionary,34,"Hotels, Restaurants & Leisure"
302,BJRI,BJRI US Equity,BJ'S RESTAURANTS,2,Consumer Discretionary,34,"Hotels, Restaurants & Leisure"
303,BKNG,BKNG US Equity,BOOKING HOLDINGS,2,Consumer Discretionary,34,"Hotels, Restaurants & Leisure"
304,BLMN,BLMN US Equity,BLOOMIN' BRANDS,2,Consumer Discretionary,34,"Hotels, Restaurants & Leisure"
305,BROS,BROS US Equity,DUTCH BROS INC-A,2,Consumer Discretionary,34,"Hotels, Restaurants & Leisure"
306,BTBD,BTBD US Equity,BT BRANDS INC,2,Consumer Discretionary,34,"Hotels, Restaurants & Leisure"
307,BYD,BYD US Equity,BOYD GAMING CORP,2,Consumer Discretionary,34,"Hotels, Restaurants & Leisure"
308,CAKE,CAKE US Equity,CHEESECAKE FACTO,2,Consumer Discretionary,34,"Hotels, Restaurants & Leisure"
309,CAVA,CAVA US Equity,CAVA GROUP INC,2,Consumer Discretionary,34,"Hotels, Restaurants & Leisure"
310,CBRL,CBRL US Equity,CRACKER BARREL,2,Consumer Discretionary,34,"Hotels, Restaurants & Leisure"
311,CCL,CCL US Equity,CARNIVAL CORP,2,Consumer Discretionary,34,"Hotels, Restaurants & Leisure"
312,CHDN,CHDN US Equity,CHURCHILL DOWNS,2,Consumer Discretionary,34,"Hotels, Restaurants & Leisure"
313,CHH,CHH US Equity,CHOICE HOTELS,2,Consumer Discretionary,34,"Hotels, Restaurants & Leisure"
314,CMG,CMG US Equity,CHIPOTLE MEXICAN,2,Consumer Discretionary,34,"Hotels, Restaurants & Leisure"
315,CNTY,CNTY US Equity,CENTURY CASINOS,2,Consumer Discretionary,34,"Hotels, Restaurants & Leisure"
316,CPHC,CPHC US Equity,CANTERBURY PARK,2,Consumer Discretionary,34,"Hotels, Restaurants & Leisure"
317,CUK,CUK US Equity,CARNIVAL PLC-ADR,2,Consumer Discretionary,34,"Hotels, Restaurants & Leisure"
318,CZR,CZR US Equity,CAESARS ENTERTAI,2,Consumer Discretionary,34,"Hotels, Restaurants & Leisure"
319,DASH,DASH US Equity,DOORDASH INC-A,2,Consumer Discretionary,34,"Hotels, Restaurants & Leisure"
320,DENN,DENN US Equity,DENNY'S CORP,2,Consumer Discretionary,34,"Hotels, Restaurants & Leisure"
321,DIN,DIN US Equity,DINE BRANDS GLOB,2,Consumer Discretionary,34,"Hotels, Restaurants & Leisure"
322,DKNG,DKNG US Equity,DRAFTKINGS INC,2,Consumer Discretionary,34,"Hotels, Restaurants & Leisure"
323,DNUT,DNUT US Equity,KRISPY KREME INC,2,Consumer Discretionary,34,"Hotels, Restaurants & Leisure"
324,DPZ,DPZ US Equity,DOMINO'S PIZZA,2,Consumer Discretionary,34,"Hotels, Restaurants & Leisure"
325,DRI,DRI US Equity,DARDEN RESTAURAN,2,Consumer Discretionary,34,"Hotels, Restaurants & Leisure"
326,EAT,EAT US Equity,BRINKER INTL,2,Consumer Discretionary,34,"Hotels, Restaurants & Leisure"
327,EVRI,EVRI US Equity,EVERI HOLDINGS I,2,Consumer Discretionary,34,"Hotels, Restaurants & Leisure"
328,EXPE,EXPE US Equity,EXPEDIA GROUP IN,2,Consumer Discretionary,34,"Hotels, Restaurants & Leisure"
329,FAT,FAT US Equity,FAT BRANDS-CL A,2,Consumer Discretionary,34,"Hotels, Restaurants & Leisure"
330,FATBB,FATBB US Equity,FAT BRANDS I-CLB,2,Consumer Discretionary,34,"Hotels, Restaurants & Leisure"
331,FLL,FLL US Equity,FULL HOUSE RESRT,2,Consumer Discretionary,34,"Hotels, Restaurants & Leisure"
332,FLUT,FLUT US Equity,FLUTTER ENTER-DI,2,Consumer Discretionary,34,"Hotels, Restaurants & Leisure"
333,FUN,FUN US Equity,SIX FLAGS ENTERT,2,Consumer Discretionary,34,"Hotels, Restaurants & Leisure"
334,FWRG,FWRG US Equity,FIRST WATCH REST,2,Consumer Discretionary,34,"Hotels, Restaurants & Leisure"
335,GBTG,GBTG US Equity,GLOBAL BUSINESS,2,Consumer Discretionary,34,"Hotels, Restaurants & Leisure"
336,GDEN,GDEN US Equity,GOLDEN ENTERTAIN,2,Consumer Discretionary,34,"Hotels, Restaurants & Leisure"
337,GENK,GENK US Equity,GEN RESTAURANT G,2,Consumer Discretionary,34,"Hotels, Restaurants & Leisure"
338,GTIM,GTIM US Equity,GOOD TIMES REST,2,Consumer Discretionary,34,"Hotels, Restaurants & Leisure"
339,H,H US Equity,HYATT HOTELS-A,2,Consumer Discretionary,34,"Hotels, Restaurants & Leisure"
340,HGV,HGV US Equity,HILTON GRAND VAC,2,Consumer Discretionary,34,"Hotels, Restaurants & Leisure"
341,HLT,HLT US Equity,HILTON WORLDWIDE,2,Consumer Discretionary,34,"Hotels, Restaurants & Leisure"
342,HOFV,HOFV US Equity,HALL OF FAME RES,2,Consumer Discretionary,34,"Hotels, Restaurants & Leisure"
343,IGT,IGT US Equity,INTERNATIONAL GA,2,Consumer Discretionary,34,"Hotels, Restaurants & Leisure"
344,INSE,INSE US Equity,INSPIRED ENTERTA,2,Consumer Discretionary,34,"Hotels, Restaurants & Leisure"
345,ISPO,ISPO US Equity,INSPIRATO INC,2,Consumer Discretionary,34,"Hotels, Restaurants & Leisure"
346,JACK,JACK US Equity,JACK IN THE BOX,2,Consumer Discretionary,34,"Hotels, Restaurants & Leisure"
347,KRUS,KRUS US Equity,KURA SUSHI USA-A,2,Consumer Discretionary,34,"Hotels, Restaurants & Leisure"
348,LIND,LIND US Equity,LINDBLAD EXPEDIT,2,Consumer Discretionary,34,"Hotels, Restaurants & Leisure"
349,LNW,LNW US Equity,LIGHT & WONDER I,2,Consumer Discretionary,34,"Hotels, Restaurants & Leisure"
350,LOCO,LOCO US Equity,EL POLLO LOCO HO,2,Consumer Discretionary,34,"Hotels, Restaurants & Leisure"
351,LTH,LTH US Equity,LIFE TIME GROUP,2,Consumer Discretionary,34,"Hotels, Restaurants & Leisure"
352,LTRY,LTRY US Equity,LOTTERY.COM INC,2,Consumer Discretionary,34,"Hotels, Restaurants & Leisure"
353,LUCK,LUCK US Equity,LUCKY STRIKE ENT,2,Consumer Discretionary,34,"Hotels, Restaurants & Leisure"
354,LVS,LVS US Equity,LAS VEGAS SANDS,2,Consumer Discretionary,34,"Hotels, Restaurants & Leisure"
355,MAR,MAR US Equity,MARRIOTT INTL-A,2,Consumer Discretionary,34,"Hotels, Restaurants & Leisure"
356,MCD,MCD US Equity,MCDONALDS CORP,2,Consumer Discretionary,34,"Hotels, Restaurants & Leisure"
357,MCRI,MCRI US Equity,MONARCH CASINO,2,Consumer Discretionary,34,"Hotels, Restaurants & Leisure"
358,MGM,MGM US Equity,MGM RESORTS INTE,2,Consumer Discretionary,34,"Hotels, Restaurants & Leisure"
359,MTN,MTN US Equity,VAIL RESORTS,2,Consumer Discretionary,34,"Hotels, Restaurants & Leisure"
360,NATH,NATH US Equity,NATHANS FAMOUS,2,Consumer Discretionary,34,"Hotels, Restaurants & Leisure"
361,NCLH,NCLH US Equity,NORWEGIAN CRUISE,2,Consumer Discretionary,34,"Hotels, Restaurants & Leisure"
362,NDLS,NDLS US Equity,NOODLES & CO,2,Consumer Discretionary,34,"Hotels, Restaurants & Leisure"
363,PBPB,PBPB US Equity,POTBELLY CORP,2,Consumer Discretionary,34,"Hotels, Restaurants & Leisure"
364,PENN,PENN US Equity,PENN ENTERTAINME,2,Consumer Discretionary,34,"Hotels, Restaurants & Leisure"
365,PLAY,PLAY US Equity,DAVE & BUSTER'S,2,Consumer Discretionary,34,"Hotels, Restaurants & Leisure"
366,PLNT,PLNT US Equity,PLANET FITNESS-A,2,Consumer Discretionary,34,"Hotels, Restaurants & Leisure"
367,PLYA,PLYA US Equity,PLAYA HOTELS & R,2,Consumer Discretionary,34,"Hotels, Restaurants & Leisure"
368,PRKS,PRKS US Equity,UNITED PARKS & R,2,Consumer Discretionary,34,"Hotels, Restaurants & Leisure"
369,PRSU,PRSU US Equity,PURSUIT ATTRACTI,2,Consumer Discretionary,34,"Hotels, Restaurants & Leisure"
370,PTLO,PTLO US Equity,PORTILLO'S-CL A,2,Consumer Discretionary,34,"Hotels, Restaurants & Leisure"
371,PZZA,PZZA US Equity,PAPA JOHN'S INTL,2,Consumer Discretionary,34,"Hotels, Restaurants & Leisure"
372,RAVE,RAVE US Equity,RAVE RESTAURANT,2,Consumer Discretionary,34,"Hotels, Restaurants & Leisure"
373,RCL,RCL US Equity,ROYAL CARIBBEAN,2,Consumer Discretionary,34,"Hotels, Restaurants & Leisure"
374,RICK,RICK US Equity,RCI HOSPITALITY,2,Consumer Discretionary,34,"Hotels, Restaurants & Leisure"
375,ROLR,ROLR US Equity,HIGH ROLLER TECH,2,Consumer Discretionary,34,"Hotels, Restaurants & Leisure"
376,RRGB,RRGB US Equity,RED ROBIN GOURME,2,Consumer Discretionary,34,"Hotels, Restaurants & Leisure"
377,RRR,RRR US Equity,RED ROCK RESOR-A,2,Consumer Discretionary,34,"Hotels, Restaurants & Leisure"
378,RSI,RSI US Equity,RUSH STREET INTE,2,Consumer Discretionary,34,"Hotels, Restaurants & Leisure"
379,SABR,SABR US Equity,SABRE CORP,2,Consumer Discretionary,34,"Hotels, Restaurants & Leisure"
380,SBET,SBET US Equity,SHARPLINK GAMING,2,Consumer Discretionary,34,"Hotels, Restaurants & Leisure"
381,SBUX,SBUX US Equity,STARBUCKS CORP,2,Consumer Discretionary,34,"Hotels, Restaurants & Leisure"
382,SERV,SERV US Equity,SERVE ROBOTICS I,2,Consumer Discretionary,34,"Hotels, Restaurants & Leisure"
383,SG,SG US Equity,SWEETGREEN INC-A,2,Consumer Discretionary,34,"Hotels, Restaurants & Leisure"
384,SHAK,SHAK US Equity,SHAKE SHACK IN-A,2,Consumer Discretionary,34,"Hotels, Restaurants & Leisure"
385,SOND,SOND US Equity,SONDER HOLDINGS,2,Consumer Discretionary,34,"Hotels, Restaurants & Leisure"
386,STKS,STKS US Equity,ONE GROUP HOSPIT,2,Consumer Discretionary,34,"Hotels, Restaurants & Leisure"
387,TH,TH US Equity,TARGET HOSPITALI,2,Consumer Discretionary,34,"Hotels, Restaurants & Leisure"
388,TNL,TNL US Equity,TRAVEL + LEISURE,2,Consumer Discretionary,34,"Hotels, Restaurants & Leisure"
389,TWNP,TWNP US Equity,TWIN HOSPITALITY,2,Consumer Discretionary,34,"Hotels, Restaurants & Leisure"
390,TXRH,TXRH US Equity,TEXAS ROADHOUS,2,Consumer Discretionary,34,"Hotels, Restaurants & Leisure"
391,VAC,VAC US Equity,MARRIOTT VACATIO,2,Consumer Discretionary,34,"Hotels, Restaurants & Leisure"
392,VENU,VENU US Equity,VENU HOLDING COR,2,Consumer Discretionary,34,"Hotels, Restaurants & Leisure"
393,WEN,WEN US Equity,WENDY'S CO/THE,2,Consumer Discretionary,34,"Hotels, Restaurants & Leisure"
394,WH,WH US Equity,WYNDHAM HOTELS &,2,Consumer Discretionary,34,"Hotels, Restaurants & Leisure"
395,WING,WING US Equity,WINGSTOP INC,2,Consumer Discretionary,34,"Hotels, Restaurants & Leisure"
396,WYNN,WYNN US Equity,WYNN RESORTS LTD,2,Consumer Discretionary,34,"Hotels, Restaurants & Leisure"
397,XPOF,XPOF US Equity,XPONENTIAL FIT-A,2,Consumer Discretionary,34,"Hotels, Restaurants & Leisure"
398,YOSH,YOSH US Equity,YOSHIHARU GLOB-A,2,Consumer Discretionary,34,"Hotels, Restaurants & Leisure"
399,YUM,YUM US Equity,YUM! BRANDS INC,2,Consumer Discretionary,34,"Hotels, Restaurants & Leisure"
400,ATER,ATER US Equity,ATERIAN INC,2,Consumer Discretionary,35,Household Durables
401,BLD,BLD US Equity,TOPBUILD COR,2,Consumer Discretionary,35,Household Durables
402,BSET,BSET US Equity,BASSETT FURN,2,Consumer Discretionary,35,Household Durables
403,BZH,BZH US Equity,BEAZER HOMES USA,2,Consumer Discretionary,35,Household Durables
404,CCS,CCS US Equity,CENTURY COMMUNIT,2,Consumer Discretionary,35,Household Durables
405,COOK,COOK US Equity,TRAEGER INC,2,Consumer Discretionary,35,Household Durables
406,CRCT,CRCT US Equity,CRICUT INC- A,2,Consumer Discretionary,35,Household Durables
407,CVCO,CVCO US Equity,CAVCO INDUSTRIES,2,Consumer Discretionary,35,Household Durables
408,DFH,DFH US Equity,DREAM FINDERS-A,2,Consumer Discretionary,35,Household Durables
409,DHI,DHI US Equity,DR HORTON INC,2,Consumer Discretionary,35,Household Durables
410,ETD,ETD US Equity,ETHAN ALLEN,2,Consumer Discretionary,35,Household Durables
411,FLXS,FLXS US Equity,FLEXSTEEL INDS,2,Consumer Discretionary,35,Household Durables
412,GPRO,GPRO US Equity,GOPRO INC-CL A,2,Consumer Discretionary,35,Household Durables
413,GRBK,GRBK US Equity,GREEN BRICK PART,2,Consumer Discretionary,35,Household Durables
414,HBB,HBB US Equity,HAMILTON -A,2,Consumer Discretionary,35,Household Durables
415,HELE,HELE US Equity,HELEN OF TROY,2,Consumer Discretionary,35,Household Durables
416,HOFT,HOFT US Equity,HOOKER FURNISHIN,2,Consumer Discretionary,35,Household Durables
417,HOV,HOV US Equity,HOVNANIAN ENT-A,2,Consumer Discretionary,35,Household Durables
418,IBP,IBP US Equity,INSTALLED BUILDI,2,Consumer Discretionary,35,Household Durables
419,IRBT,IRBT US Equity,IROBOT CORP,2,Consumer Discretionary,35,Household Durables
420,KBH,KBH US Equity,KB HOME,2,Consumer Discretionary,35,Household Durables
421,KOSS,KOSS US Equity,KOSS CORP,2,Consumer Discretionary,35,Household Durables
422,LCUT,LCUT US Equity,LIFETIME BRANDS,2,Consumer Discretionary,35,Household Durables
423,LEG,LEG US Equity,LEGGETT & PLATT,2,Consumer Discretionary,35,Household Durables
424,LEN,LEN US Equity,LENNAR CORP-A,2,Consumer Discretionary,35,Household Durables
425,LEN/B,LEN/B US Equity,LENNAR CORP-B,2,Consumer Discretionary,35,Household Durables
426,LGIH,LGIH US Equity,LGI HOMES INC,2,Consumer Discretionary,35,Household Durables
427,LIVE,LIVE US Equity,LIVE VENTURES IN,2,Consumer Discretionary,35,Household Durables
428,LOVE,LOVE US Equity,LOVESAC CO/THE,2,Consumer Discretionary,35,Household Durables
429,LSEA,LSEA US Equity,LANDSEA HOMES CO,2,Consumer Discretionary,35,Household Durables
430,LZB,LZB US Equity,LA-Z-BOY INC,2,Consumer Discretionary,35,Household Durables
431,MHK,MHK US Equity,MOHAWK INDS,2,Consumer Discretionary,35,Household Durables
432,MHO,MHO US Equity,M/I HOMES INC,2,Consumer Discretionary,35,Household Durables
433,MSN,MSN US Equity,EMERSON RADIO,2,Consumer Discretionary,35,Household Durables
434,MTH,MTH US Equity,MERITAGE HOMES C,2,Consumer Discretionary,35,Household Durables
435,NVFY,NVFY US Equity,NOVA LIFESTYLE I,2,Consumer Discretionary,35,Household Durables
436,NVR,NVR US Equity,NVR INC,2,Consumer Discretionary,35,Household Durables
437,NWL,NWL US Equity,NEWELL BRANDS IN,2,Consumer Discretionary,35,Household Durables
438,PHM,PHM US Equity,PULTEGROUP INC,2,Consumer Discretionary,35,Household Durables
439,PRPL,PRPL US Equity,PURPLE INNOVATIO,2,Consumer Discretionary,35,Household Durables
440,RIME,RIME US Equity,ALGORHYTHM HOLDI,2,Consumer Discretionary,35,Household Durables
441,SDHC,SDHC US Equity,SMITH DOUG HOMES,2,Consumer Discretionary,35,Household Durables
442,SGI,SGI US Equity,SOMNIGROUP INTER,2,Consumer Discretionary,35,Household Durables
443,SKY,SKY US Equity,CHAMPION HOMES I,2,Consumer Discretionary,35,Household Durables
444,SN,SN US Equity,SHARKNINJA INC,2,Consumer Discretionary,35,Household Durables
445,SONO,SONO US Equity,SONOS INC,2,Consumer Discretionary,35,Household Durables
446,STRR,STRR US Equity,STAR EQUITY HOLD,2,Consumer Discretionary,35,Household Durables
447,TMHC,TMHC US Equity,TAYLOR MORRISON,2,Consumer Discretionary,35,Household Durables
448,TOL,TOL US Equity,TOLL BROTHERS,2,Consumer Discretionary,35,Household Durables
449,TPH,TPH US Equity,TRI POINTE HOMES,2,Consumer Discretionary,35,Household Durables
450,UEIC,UEIC US Equity,UNIVERSAL ELEC,2,Consumer Discretionary,35,Household Durables
451,UHG,UHG US Equity,UNITED HOMES GRO,2,Consumer Discretionary,35,Household Durables
452,WHR,WHR US Equity,WHIRLPOOL CORP,2,Consumer Discretionary,35,Household Durables
453,YHGJ,YHGJ US Equity,YUNHONG GREEN CT,2,Consumer Discretionary,35,Household Durables
454,AOUT,AOUT US Equity,AMERICAN OUTDOOR,2,Consumer Discretionary,42,Leisure Products
455,BC,BC US Equity,BRUNSWICK CORP,2,Consumer Discretionary,42,Leisure Products
456,CLAR,CLAR US Equity,CLARUS CORP,2,Consumer Discretionary,42,Leisure Products
457,ESCA,ESCA US Equity,ESCALADE INC,2,Consumer Discretionary,42,Leisure Products
458,FNKO,FNKO US Equity,FUNKO INC-CL A,2,Consumer Discretionary,42,Leisure Products
459,GOLF,GOLF US Equity,ACUSHNET HOLDING,2,Consumer Discretionary,42,Leisure Products
460,HAS,HAS US Equity,HASBRO INC,2,Consumer Discretionary,42,Leisure Products
461,JAKK,JAKK US Equity,JAKKS PACIFIC,2,Consumer Discretionary,42,Leisure Products
462,JOUT,JOUT US Equity,JOHNSON OUTDOO-A,2,Consumer Discretionary,42,Leisure Products
463,MAT,MAT US Equity,MATTEL INC,2,Consumer Discretionary,42,Leisure Products
464,MBUU,MBUU US Equity,MALIBU BOATS-A,2,Consumer Discretionary,42,Leisure Products
465,MCFT,MCFT US Equity,MASTERCRAFT BOAT,2,Consumer Discretionary,42,Leisure Products
466,MODG,MODG US Equity,TOPGOLF CALLAWAY,2,Consumer Discretionary,42,Leisure Products
467,MPX,MPX US Equity,MARINE PRODUCTS,2,Consumer Discretionary,42,Leisure Products
468,NWTG,NWTG US Equity,NEWTON GOLF COMP,2,Consumer Discretionary,42,Leisure Products
469,PII,PII US Equity,POLARIS INC,2,Consumer Discretionary,42,Leisure Products
470,POWW,POWW US Equity,OUTDOOR HOLDING,2,Consumer Discretionary,42,Leisure Products
471,PTON,PTON US Equity,PELOTON INTERA-A,2,Consumer Discretionary,42,Leisure Products
472,RGR,RGR US Equity,STURM RUGER & CO,2,Consumer Discretionary,42,Leisure Products
473,SRM,SRM US Equity,SRM ENTERTAINMEN,2,Consumer Discretionary,42,Leisure Products
474,SWBI,SWBI US Equity,SMITH & WESSON B,2,Consumer Discretionary,42,Leisure Products
475,SWIM,SWIM US Equity,LATHAM GROUP INC,2,Consumer Discretionary,42,Leisure Products
476,TRNR,TRNR US Equity,INTERACTIVE STRE,2,Consumer Discretionary,42,Leisure Products
477,VEEE,VEEE US Equity,TWIN VEE POWERCA,2,Consumer Discretionary,42,Leisure Products
478,YETI,YETI US Equity,YETI HOLDINGS IN,2,Consumer Discretionary,42,Leisure Products
479,YYAI,YYAI US Equity,CONNEXA SPORTS T,2,Consumer Discretionary,42,Leisure Products
480,AAP,AAP US Equity,ADVANCE AUTO PAR,2,Consumer Discretionary,58,Specialty Retail
481,ABG,ABG US Equity,ASBURY AUTO GRP,2,Consumer Discretionary,58,Specialty Retail
482,AEO,AEO US Equity,AMER EAGLE OUTF,2,Consumer Discretionary,58,Specialty Retail
483,AKA,AKA US Equity,AKA BRANDS HOLDI,2,Consumer Discretionary,58,Specialty Retail
484,AN,AN US Equity,AUTONATION INC,2,Consumer Discretionary,58,Specialty Retail
485,ANF,ANF US Equity,ABERCROMBIE & FI,2,Consumer Discretionary,58,Specialty Retail
486,ARHS,ARHS US Equity,ARHAUS INC,2,Consumer Discretionary,58,Specialty Retail
487,ARKO,ARKO US Equity,ARKO CORP,2,Consumer Discretionary,58,Specialty Retail
488,ASO,ASO US Equity,ACADEMY SPORTS &,2,Consumer Discretionary,58,Specialty Retail
489,AZO,AZO US Equity,AUTOZONE INC,2,Consumer Discretionary,58,Specialty Retail
490,BARK,BARK US Equity,BARK INC,2,Consumer Discretionary,58,Specialty Retail
491,BBW,BBW US Equity,BUILD-A-BEAR WOR,2,Consumer Discretionary,58,Specialty Retail
492,BBWI,BBWI US Equity,BATH & BODY WORK,2,Consumer Discretionary,58,Specialty Retail
493,BBY,BBY US Equity,BEST BUY CO INC,2,Consumer Discretionary,58,Specialty Retail
494,BGFV,BGFV US Equity,BIG 5 SPORTING,2,Consumer Discretionary,58,Specialty Retail
495,BKE,BKE US Equity,THE BUCKLE INC,2,Consumer Discretionary,58,Specialty Retail
496,BNED,BNED US Equity,BARNES & NOBLE E,2,Consumer Discretionary,58,Specialty Retail
497,BOOT,BOOT US Equity,BOOT BARN HOLDIN,2,Consumer Discretionary,58,Specialty Retail
498,BRLT,BRLT US Equity,BRILLIANT EARTH,2,Consumer Discretionary,58,Specialty Retail
499,BURL,BURL US Equity,BURLINGTON STORE,2,Consumer Discretionary,58,Specialty Retail
500,BYON,BYON US Equity,BEYOND INC,2,Consumer Discretionary,58,Specialty Retail
501,CAL,CAL US Equity,CALERES INC,2,Consumer Discretionary,58,Specialty Retail
502,CATO,CATO US Equity,CATO CORP-A,2,Consumer Discretionary,58,Specialty Retail
503,CHWY,CHWY US Equity,CHEWY INC- CL A,2,Consumer Discretionary,58,Specialty Retail
504,CRMT,CRMT US Equity,AMERICA'S CAR-MA,2,Consumer Discretionary,58,Specialty Retail
505,CTRN,CTRN US Equity,CITI TRENDS INC,2,Consumer Discretionary,58,Specialty Retail
506,CURV,CURV US Equity,TORRID HOLDINGS,2,Consumer Discretionary,58,Specialty Retail
507,CVNA,CVNA US Equity,CARVANA CO,2,Consumer Discretionary,58,Specialty Retail
508,CWH,CWH US Equity,CAMPING WORLD-A,2,Consumer Discretionary,58,Specialty Retail
509,DBI,DBI US Equity,DESIGNER BRAND-A,2,Consumer Discretionary,58,Specialty Retail
510,DKS,DKS US Equity,DICK'S SPORTING,2,Consumer Discretionary,58,Specialty Retail
511,DLTH,DLTH US Equity,DULUTH HLDGS - B,2,Consumer Discretionary,58,Specialty Retail
512,DXLG,DXLG US Equity,DESTINATION XL G,2,Consumer Discretionary,58,Specialty Retail
513,ELA,ELA US Equity,ENVELA CORP,2,Consumer Discretionary,58,Specialty Retail
514,EVGO,EVGO US Equity,EVGO INC,2,Consumer Discretionary,58,Specialty Retail
515,EYE,EYE US Equity,NATIONAL VISION,2,Consumer Discretionary,58,Specialty Retail
516,FIVE,FIVE US Equity,FIVE BELOW,2,Consumer Discretionary,58,Specialty Retail
517,FL,FL US Equity,FOOT LOCKER INC,2,Consumer Discretionary,58,Specialty Retail
518,FLWS,FLWS US Equity,1-800-FLOWERS-A,2,Consumer Discretionary,58,Specialty Retail
519,FND,FND US Equity,FLOOR & DECOR-A,2,Consumer Discretionary,58,Specialty Retail
520,GAP,GAP US Equity,GAP INC/THE,2,Consumer Discretionary,58,Specialty Retail
521,GCO,GCO US Equity,GENESCO INC,2,Consumer Discretionary,58,Specialty Retail
522,GME,GME US Equity,GAMESTOP CORP-A,2,Consumer Discretionary,58,Specialty Retail
523,GORV,GORV US Equity,LAZYDAYS HOLDING,2,Consumer Discretionary,58,Specialty Retail
524,GPI,GPI US Equity,GROUP 1 AUTOMOTI,2,Consumer Discretionary,58,Specialty Retail
525,GROV,GROV US Equity,GROVE COLLABORAT,2,Consumer Discretionary,58,Specialty Retail
526,GRWG,GRWG US Equity,GROWGENERATION C,2,Consumer Discretionary,58,Specialty Retail
527,HD,HD US Equity,HOME DEPOT INC,2,Consumer Discretionary,58,Specialty Retail
528,HVT,HVT US Equity,HAVERTY FURNITUR,2,Consumer Discretionary,58,Specialty Retail
529,HVT/A,HVT/A US Equity,HAVERTY FURN -A,2,Consumer Discretionary,58,Specialty Retail
530,HZO,HZO US Equity,MARINEMAX INC,2,Consumer Discretionary,58,Specialty Retail
531,JILL,JILL US Equity,J. JILL INC,2,Consumer Discretionary,58,Specialty Retail
532,KIRK,KIRK US Equity,KIRKLAND'S INC,2,Consumer Discretionary,58,Specialty Retail
533,KMX,KMX US Equity,CARMAX INC,2,Consumer Discretionary,58,Specialty Retail
534,LAD,LAD US Equity,LITHIA MOTORS,2,Consumer Discretionary,58,Specialty Retail
535,LE,LE US Equity,LANDS' END INC,2,Consumer Discretionary,58,Specialty Retail
536,LESL,LESL US Equity,LESLIE'S INC,2,Consumer Discretionary,58,Specialty Retail
537,LOW,LOW US Equity,LOWE'S COS INC,2,Consumer Discretionary,58,Specialty Retail
538,LVLU,LVLU US Equity,LULU'S FASHION L,2,Consumer Discretionary,58,Specialty Retail
539,MNRO,MNRO US Equity,MONRO INC,2,Consumer Discretionary,58,Specialty Retail
540,MUSA,MUSA US Equity,MURPHY USA INC,2,Consumer Discretionary,58,Specialty Retail
541,NEGG,NEGG US Equity,NEWEGG COMMERCE,2,Consumer Discretionary,58,Specialty Retail
542,ODP,ODP US Equity,ODP CORP/THE,2,Consumer Discretionary,58,Specialty Retail
543,ONEW,ONEW US Equity,ONEWATER MARINE,2,Consumer Discretionary,58,Specialty Retail
544,ORLY,ORLY US Equity,O'REILLY AUTOMOT,2,Consumer Discretionary,58,Specialty Retail
545,PAG,PAG US Equity,PENSKE AUTOMOTIV,2,Consumer Discretionary,58,Specialty Retail
546,PETS,PETS US Equity,PETMED EXPRESS,2,Consumer Discretionary,58,Specialty Retail
547,PLCE,PLCE US Equity,CHILDREN'S PLACE,2,Consumer Discretionary,58,Specialty Retail
548,PRTS,PRTS US Equity,CARPARTS.COM INC,2,Consumer Discretionary,58,Specialty Retail
549,REAL,REAL US Equity,REALREAL INC/THE,2,Consumer Discretionary,58,Specialty Retail
550,RENT,RENT US Equity,RENT THE RUNWA-A,2,Consumer Discretionary,58,Specialty Retail
551,RH,RH US Equity,RH,2,Consumer Discretionary,58,Specialty Retail
552,RMBL,RMBL US Equity,RUMBLEON INC-B,2,Consumer Discretionary,58,Specialty Retail
553,ROST,ROST US Equity,ROSS STORES INC,2,Consumer Discretionary,58,Specialty Retail
554,RVLV,RVLV US Equity,REVOLVE GROUP IN,2,Consumer Discretionary,58,Specialty Retail
555,SAH,SAH US Equity,SONIC AUTOMOTI-A,2,Consumer Discretionary,58,Specialty Retail
556,SBH,SBH US Equity,SALLY BEAUTY HOL,2,Consumer Discretionary,58,Specialty Retail
557,SCVL,SCVL US Equity,SHOE CARNIVAL,2,Consumer Discretionary,58,Specialty Retail
558,SFIX,SFIX US Equity,STITCH FIX INC-A,2,Consumer Discretionary,58,Specialty Retail
559,SIG,SIG US Equity,SIGNET JEWELERS,2,Consumer Discretionary,58,Specialty Retail
560,SNBR,SNBR US Equity,SLEEP NUMBER COR,2,Consumer Discretionary,58,Specialty Retail
561,SPWH,SPWH US Equity,SPORTSMAN'S WARE,2,Consumer Discretionary,58,Specialty Retail
562,TDUP,TDUP US Equity,THREDUP- CLASS A,2,Consumer Discretionary,58,Specialty Retail
563,TJX,TJX US Equity,TJX COS INC,2,Consumer Discretionary,58,Specialty Retail
564,TLF,TLF US Equity,TANDY LEATHER FA,2,Consumer Discretionary,58,Specialty Retail
565,TLYS,TLYS US Equity,TILLY'S INC-CL A,2,Consumer Discretionary,58,Specialty Retail
566,TSCO,TSCO US Equity,TRACTOR SUPPLY,2,Consumer Discretionary,58,Specialty Retail
567,TTSH,TTSH US Equity,TILE SHOP HLDGS,2,Consumer Discretionary,58,Specialty Retail
568,ULTA,ULTA US Equity,ULTA BEAUTY INC,2,Consumer Discretionary,58,Specialty Retail
569,UPBD,UPBD US Equity,UPBOUND GROUP IN,2,Consumer Discretionary,58,Specialty Retail
570,URBN,URBN US Equity,URBAN OUTFITTER,2,Consumer Discretionary,58,Specialty Retail
571,VSCO,VSCO US Equity,VICTORIA'S SECRE,2,Consumer Discretionary,58,Specialty Retail
572,VVV,VVV US Equity,VALVOLINE INC,2,Consumer Discretionary,58,Specialty Retail
573,W,W US Equity,WAYFAIR INC- A,2,Consumer Discretionary,58,Specialty Retail
574,WINA,WINA US Equity,WINMARK CORP,2,Consumer Discretionary,58,Specialty Retail
575,WOOF,WOOF US Equity,PETCO HEALTH AND,2,Consumer Discretionary,58,Specialty Retail
576,WRBY,WRBY US Equity,WARBY PARKER-A,2,Consumer Discretionary,58,Specialty Retail
577,WSM,WSM US Equity,WILLIAMS-SONOMA,2,Consumer Discretionary,58,Specialty Retail
578,XELB,XELB US Equity,XCEL BRANDS INC,2,Consumer Discretionary,58,Specialty Retail
579,ZUMZ,ZUMZ US Equity,ZUMIEZ INC,2,Consumer Discretionary,58,Specialty Retail
580,BIRD,BIRD US Equity,ALLBIRDS INC-A,2,Consumer Discretionary,60,"Textiles, Apparel & Luxury Goods"
581,COLM,COLM US Equity,COLUMBIA SPORTSW,2,Consumer Discretionary,60,"Textiles, Apparel & Luxury Goods"
582,CRI,CRI US Equity,CARTER'S INC,2,Consumer Discretionary,60,"Textiles, Apparel & Luxury Goods"
583,CROX,CROX US Equity,CROCS INC,2,Consumer Discretionary,60,"Textiles, Apparel & Luxury Goods"
584,CRWS,CRWS US Equity,CROWN CRAFTS INC,2,Consumer Discretionary,60,"Textiles, Apparel & Luxury Goods"
585,CULP,CULP US Equity,CULP INC,2,Consumer Discretionary,60,"Textiles, Apparel & Luxury Goods"
586,DECK,DECK US Equity,DECKERS OUTDOOR,2,Consumer Discretionary,60,"Textiles, Apparel & Luxury Goods"
587,FIGS,FIGS US Equity,FIGS INC-CLASS A,2,Consumer Discretionary,60,"Textiles, Apparel & Luxury Goods"
588,FOSL,FOSL US Equity,FOSSIL GROUP INC,2,Consumer Discretionary,60,"Textiles, Apparel & Luxury Goods"
589,GIII,GIII US Equity,G III APPAREL,2,Consumer Discretionary,60,"Textiles, Apparel & Luxury Goods"
590,HBI,HBI US Equity,HANESBRANDS INC,2,Consumer Discretionary,60,"Textiles, Apparel & Luxury Goods"
591,JRSH,JRSH US Equity,JERASH HOLDINGS,2,Consumer Discretionary,60,"Textiles, Apparel & Luxury Goods"
592,KTB,KTB US Equity,KONTOOR BRAND,2,Consumer Discretionary,60,"Textiles, Apparel & Luxury Goods"
593,LAKE,LAKE US Equity,LAKELAND INDS,2,Consumer Discretionary,60,"Textiles, Apparel & Luxury Goods"
594,LEVI,LEVI US Equity,LEVI STRAUSS-A,2,Consumer Discretionary,60,"Textiles, Apparel & Luxury Goods"
595,MOV,MOV US Equity,MOVADO GROUP,2,Consumer Discretionary,60,"Textiles, Apparel & Luxury Goods"
596,NKE,NKE US Equity,NIKE INC -CL B,2,Consumer Discretionary,60,"Textiles, Apparel & Luxury Goods"
597,OXM,OXM US Equity,OXFORD INDS INC,2,Consumer Discretionary,60,"Textiles, Apparel & Luxury Goods"
598,PLBY,PLBY US Equity,PLBY GROUP INC,2,Consumer Discretionary,60,"Textiles, Apparel & Luxury Goods"
599,PVH,PVH US Equity,PVH CORP,2,Consumer Discretionary,60,"Textiles, Apparel & Luxury Goods"
600,RCKY,RCKY US Equity,ROCKY BRANDS INC,2,Consumer Discretionary,60,"Textiles, Apparel & Luxury Goods"
601,RL,RL US Equity,RALPH LAUREN COR,2,Consumer Discretionary,60,"Textiles, Apparel & Luxury Goods"
602,SGC,SGC US Equity,SUPERIOR GROUP O,2,Consumer Discretionary,60,"Textiles, Apparel & Luxury Goods"
603,SHOO,SHOO US Equity,STEVEN MADDEN,2,Consumer Discretionary,60,"Textiles, Apparel & Luxury Goods"
604,SKX,SKX US Equity,SKECHERS USA-A,2,Consumer Discretionary,60,"Textiles, Apparel & Luxury Goods"
605,TPR,TPR US Equity,TAPESTRY INC,2,Consumer Discretionary,60,"Textiles, Apparel & Luxury Goods"
606,UA,UA US Equity,UNDER ARMO-C,2,Consumer Discretionary,60,"Textiles, Apparel & Luxury Goods"
607,UAA,UAA US Equity,UNDER ARMOUR-A,2,Consumer Discretionary,60,"Textiles, Apparel & Luxury Goods"
608,UFI,UFI US Equity,UNIFI INC,2,Consumer Discretionary,60,"Textiles, Apparel & Luxury Goods"
609,VFC,VFC US Equity,VF CORP,2,Consumer Discretionary,60,"Textiles, Apparel & Luxury Goods"
610,VNCE,VNCE US Equity,VINCE HOLDING CO,2,Consumer Discretionary,60,"Textiles, Apparel & Luxury Goods"
611,VRA,VRA US Equity,VERA BRADLEY INC,2,Consumer Discretionary,60,"Textiles, Apparel & Luxury Goods"
612,WWW,WWW US Equity,WOLVERINE WORLD,2,Consumer Discretionary,60,"Textiles, Apparel & Luxury Goods"
613,AMZE,AMZE US Equity,AMAZE HOLDINGS I,3,Consumer Staples,5,Beverages
614,BF/A,BF/A US Equity,BROWN-FORMAN -A,3,Consumer Staples,5,Beverages
615,BF/B,BF/B US Equity,BROWN-FORMAN -B,3,Consumer Staples,5,Beverages
616,BLNE,BLNE US Equity,BEELINE HOLDINGS,3,Consumer Staples,5,Beverages
617,CASK,CASK US Equity,HERITAGE DISTILL,3,Consumer Staples,5,Beverages
618,CELH,CELH US Equity,CELSIUS HOLDINGS,3,Consumer Staples,5,Beverages
619,COCO,COCO US Equity,VITA COCO CO INC,3,Consumer Staples,5,Beverages
620,COKE,COKE US Equity,COCA-COLA CONSOL,3,Consumer Staples,5,Beverages
621,FIZZ,FIZZ US Equity,NATL BEVERAGE,3,Consumer Staples,5,Beverages
622,KDP,KDP US Equity,KEURIG DR PEPPER,3,Consumer Staples,5,Beverages
623,KO,KO US Equity,COCA-COLA CO/THE,3,Consumer Staples,5,Beverages
624,MGPI,MGPI US Equity,MGP INGREDIENTS,3,Consumer Staples,5,Beverages
625,MNST,MNST US Equity,MONSTER BEVERAGE,3,Consumer Staples,5,Beverages
626,PEP,PEP US Equity,PEPSICO INC,3,Consumer Staples,5,Beverages
627,PRMB,PRMB US Equity,PRIMO BRANDS COR,3,Consumer Staples,5,Beverages
628,SAM,SAM US Equity,BOSTON BEER-A,3,Consumer Staples,5,Beverages
629,SBEV,SBEV US Equity,SPLASH BEVERAGE,3,Consumer Staples,5,Beverages
630,STZ,STZ US Equity,CONSTELLATION-A,3,Consumer Staples,5,Beverages
631,TAP,TAP US Equity,MOLSON COORS-B,3,Consumer Staples,5,Beverages
632,TAP/A,TAP/A US Equity,MOLSON COORS-A,3,Consumer Staples,5,Beverages
633,WVVI,WVVI US Equity,WILLAMETTE VALLY,3,Consumer Staples,5,Beverages
634,ZVIA,ZVIA US Equity,ZEVIA PBC-A,3,Consumer Staples,5,Beverages
635,ACI,ACI US Equity,ALBERTSONS COS-A,3,Consumer Staples,16,Consumer Staples Distribution & Retail
636,ANDE,ANDE US Equity,ANDERSONS INC,3,Consumer Staples,16,Consumer Staples Distribution & Retail
637,BJ,BJ US Equity,BJ'S WHOLESALE C,3,Consumer Staples,16,Consumer Staples Distribution & Retail
638,CART,CART US Equity,MAPLEBEAR INC,3,Consumer Staples,16,Consumer Staples Distribution & Retail
639,CASY,CASY US Equity,CASEY'S GENERAL,3,Consumer Staples,16,Consumer Staples Distribution & Retail
640,CHEF,CHEF US Equity,CHEFS WAREHOUSE,3,Consumer Staples,16,Consumer Staples Distribution & Retail
641,COST,COST US Equity,COSTCO WHOLESALE,3,Consumer Staples,16,Consumer Staples Distribution & Retail
642,DG,DG US Equity,DOLLAR GENERAL C,3,Consumer Staples,16,Consumer Staples Distribution & Retail
643,DLTR,DLTR US Equity,DOLLAR TREE INC,3,Consumer Staples,16,Consumer Staples Distribution & Retail
644,GO,GO US Equity,GROCERY OUTLET,3,Consumer Staples,16,Consumer Staples Distribution & Retail
645,GRDN,GRDN US Equity,GUARDIAN PHARM-A,3,Consumer Staples,16,Consumer Staples Distribution & Retail
646,HCWC,HCWC US Equity,HEALTHY CHOICE W,3,Consumer Staples,16,Consumer Staples Distribution & Retail
647,HFFG,HFFG US Equity,HF FOODS GROUP I,3,Consumer Staples,16,Consumer Staples Distribution & Retail
648,IMKTA,IMKTA US Equity,INGLES MARKETS-A,3,Consumer Staples,16,Consumer Staples Distribution & Retail
649,KR,KR US Equity,KROGER CO,3,Consumer Staples,16,Consumer Staples Distribution & Retail
650,MGRX,MGRX US Equity,MANGOCEUTICALS I,3,Consumer Staples,16,Consumer Staples Distribution & Retail
651,MSS,MSS US Equity,MAISON SOLUTIO-A,3,Consumer Staples,16,Consumer Staples Distribution & Retail
652,NGVC,NGVC US Equity,NATURAL GROCERS,3,Consumer Staples,16,Consumer Staples Distribution & Retail
653,PFGC,PFGC US Equity,PERFORMANCE FOOD,3,Consumer Staples,16,Consumer Staples Distribution & Retail
654,PSMT,PSMT US Equity,PRICESMART INC,3,Consumer Staples,16,Consumer Staples Distribution & Retail
655,REBN,REBN US Equity,REBORN COFFEE IN,3,Consumer Staples,16,Consumer Staples Distribution & Retail
656,SFM,SFM US Equity,SPROUTS FARMERS,3,Consumer Staples,16,Consumer Staples Distribution & Retail
657,SPTN,SPTN US Equity,SPARTANNASH CO,3,Consumer Staples,16,Consumer Staples Distribution & Retail
658,SYY,SYY US Equity,SYSCO CORP,3,Consumer Staples,16,Consumer Staples Distribution & Retail
659,TGT,TGT US Equity,TARGET CORP,3,Consumer Staples,16,Consumer Staples Distribution & Retail
660,UNFI,UNFI US Equity,UNITED NATURAL,3,Consumer Staples,16,Consumer Staples Distribution & Retail
661,USFD,USFD US Equity,US FOODS HOLDING,3,Consumer Staples,16,Consumer Staples Distribution & Retail
662,VLGEA,VLGEA US Equity,VILLAGE SUPER -A,3,Consumer Staples,16,Consumer Staples Distribution & Retail
663,WBA,WBA US Equity,WALGREENS BOOTS,3,Consumer Staples,16,Consumer Staples Distribution & Retail
664,WMK,WMK US Equity,WEIS MARKETS INC,3,Consumer Staples,16,Consumer Staples Distribution & Retail
665,WMT,WMT US Equity,WALMART INC,3,Consumer Staples,16,Consumer Staples Distribution & Retail
666,ADM,ADM US Equity,ARCHER-DANIELS,3,Consumer Staples,27,Food Products
667,ALCO,ALCO US Equity,ALICO INC,3,Consumer Staples,27,Food Products
668,AVO,AVO US Equity,MISSION PRODUCE,3,Consumer Staples,27,Food Products
669,BG,BG US Equity,BUNGE GLOBAL SA,3,Consumer Staples,27,Food Products
670,BGS,BGS US Equity,B&G FOODS INC,3,Consumer Staples,27,Food Products
671,BOF,BOF US Equity,BRANCHOUT FOOD I,3,Consumer Staples,27,Food Products
672,BRCC,BRCC US Equity,BRC INC-A,3,Consumer Staples,27,Food Products
673,BRFH,BRFH US Equity,BARFRESH FOOD GR,3,Consumer Staples,27,Food Products
674,BRID,BRID US Equity,BRIDGFORD FOODS,3,Consumer Staples,27,Food Products
675,BYND,BYND US Equity,BEYOND MEAT INC,3,Consumer Staples,27,Food Products
676,CAG,CAG US Equity,CONAGRA BRANDS I,3,Consumer Staples,27,Food Products
677,CALM,CALM US Equity,CAL-MAINE FOODS,3,Consumer Staples,27,Food Products
678,CPB,CPB US Equity,THE CAMPBELL'S C,3,Consumer Staples,27,Food Products
679,CVGW,CVGW US Equity,CALAVO GROWERS I,3,Consumer Staples,27,Food Products
680,DAR,DAR US Equity,DARLING INGREDIE,3,Consumer Staples,27,Food Products
681,EDBL,EDBL US Equity,EDIBLE GARDEN AG,3,Consumer Staples,27,Food Products
682,FARM,FARM US Equity,FARMER BROS CO,3,Consumer Staples,27,Food Products
683,FDP,FDP US Equity,FRESH DEL MONTE,3,Consumer Staples,27,Food Products
684,FLO,FLO US Equity,FLOWERS FOODS,3,Consumer Staples,27,Food Products
685,FRPT,FRPT US Equity,FRESHPET INC,3,Consumer Staples,27,Food Products
686,GIS,GIS US Equity,GENERAL MILLS IN,3,Consumer Staples,27,Food Products
687,HAIN,HAIN US Equity,HAIN CELESTIAL,3,Consumer Staples,27,Food Products
688,HRL,HRL US Equity,HORMEL FOODS CRP,3,Consumer Staples,27,Food Products
689,HSY,HSY US Equity,HERSHEY CO/THE,3,Consumer Staples,27,Food Products
690,IMG,IMG US Equity,CIMG INC,3,Consumer Staples,27,Food Products
691,INGR,INGR US Equity,INGREDION INC,3,Consumer Staples,27,Food Products
692,JBSS,JBSS US Equity,JOHN B SANFILIPP,3,Consumer Staples,27,Food Products
693,JJSF,JJSF US Equity,J & J SNACK FOOD,3,Consumer Staples,27,Food Products
694,JVA,JVA US Equity,COFFEE HOLDING C,3,Consumer Staples,27,Food Products
695,K,K US Equity,KELLANOVA,3,Consumer Staples,27,Food Products
696,KHC,KHC US Equity,KRAFT HEINZ CO/T,3,Consumer Staples,27,Food Products
697,KLG,KLG US Equity,WK KELLOGG CO,3,Consumer Staples,27,Food Products
698,LANC,LANC US Equity,LANCASTER COLONY,3,Consumer Staples,27,Food Products
699,LMNR,LMNR US Equity,LIMONEIRA CO,3,Consumer Staples,27,Food Products
700,LOCL,LOCL US Equity,LOCAL BOUNTI COR,3,Consumer Staples,27,Food Products
701,LSF,LSF US Equity,LAIRD SUPERFOOD,3,Consumer Staples,27,Food Products
702,LW,LW US Equity,LAMB WESTON,3,Consumer Staples,27,Food Products
703,LWAY,LWAY US Equity,LIFEWAY FOODS,3,Consumer Staples,27,Food Products
704,MAMA,MAMA US Equity,MAMA'S CREATIONS,3,Consumer Staples,27,Food Products
705,MDLZ,MDLZ US Equity,MONDELEZ INTER-A,3,Consumer Staples,27,Food Products
706,MKC,MKC US Equity,MCCORMICK-N/V,3,Consumer Staples,27,Food Products
707,MKC/V,MKC/V US Equity,MCCORMICK-VTG,3,Consumer Staples,27,Food Products
708,POST,POST US Equity,POST HOLDINGS IN,3,Consumer Staples,27,Food Products
709,PPC,PPC US Equity,PILGRIM'S PRIDE,3,Consumer Staples,27,Food Products
710,RKDA,RKDA US Equity,ARCADIA BIOSCIEN,3,Consumer Staples,27,Food Products
711,RMCF,RMCF US Equity,ROCKY MTN CHOC,3,Consumer Staples,27,Food Products
712,SANW,SANW US Equity,S&W SEED CO,3,Consumer Staples,27,Food Products
713,SDOT,SDOT US Equity,SADOT GROUP INC,3,Consumer Staples,27,Food Products
714,SEB,SEB US Equity,SEABOARD CORP,3,Consumer Staples,27,Food Products
715,SENEA,SENEA US Equity,SENECA FOODS-A,3,Consumer Staples,27,Food Products
716,SENEB,SENEB US Equity,SENECA FOODS-B,3,Consumer Staples,27,Food Products
717,SFD,SFD US Equity,SMITHFIELD FOODS,3,Consumer Staples,27,Food Products
718,SJM,SJM US Equity,JM SMUCKER CO,3,Consumer Staples,27,Food Products
719,SMPL,SMPL US Equity,SIMPLY GOOD FOOD,3,Consumer Staples,27,Food Products
720,SOWG,SOWG US Equity,SOW GOOD INC,3,Consumer Staples,27,Food Products
721,SRXH,SRXH US Equity,SRX HEALTH SOLUT,3,Consumer Staples,27,Food Products
722,STKL,STKL US Equity,SUNOPTA INC,3,Consumer Staples,27,Food Products
723,THS,THS US Equity,TREEHOUSE FOODS,3,Consumer Staples,27,Food Products
724,TR,TR US Equity,TOOTSIE ROLL IND,3,Consumer Staples,27,Food Products
725,TSN,TSN US Equity,TYSON FOODS-A,3,Consumer Staples,27,Food Products
726,UTZ,UTZ US Equity,UTZ BRANDS INC,3,Consumer Staples,27,Food Products
727,VITL,VITL US Equity,VITAL FARMS INC,3,Consumer Staples,27,Food Products
728,WEST,WEST US Equity,WESTROCK COFFEE,3,Consumer Staples,27,Food Products
