ticker_id,ticker,ticker-full,short-name,sector_id,sector,industry_id,industry
729,CENT,CENT US Equity,CENTRAL GARDEN,3,Consumer Staples,36,Household Products
730,CENTA,CENTA US Equity,CENTRAL GARDEN-A,3,Consumer Staples,36,Household Products
731,CHD,CHD US Equity,CHURCH & DWIGHT,3,Consumer Staples,36,Household Products
732,CL,CL US Equity,COLGATE-PALMOLIV,3,Consumer Staples,36,Household Products
733,CLX,CLX US Equity,CLOROX CO,3,Consumer Staples,36,Household Products
734,ENR,ENR US Equity,ENERGIZER HOLDIN,3,Consumer Staples,36,Household Products
735,KMB,KMB US Equity,KIMBERLY-CLARK,3,Consumer Staples,36,Household Products
736,ODC,ODC US Equity,OIL DRI CORP,3,Consumer Staples,36,Household Products
737,PG,PG US Equity,PROCTER & GAMBLE,3,Consumer Staples,36,Household Products
738,REYN,REYN US Equity,REYNOLDS CONSUME,3,Consumer Staples,36,Household Products
739,SPB,SPB US Equity,SPECTRUM BRANDS,3,Consumer Staples,36,Household Products
740,WDFC,WDFC US Equity,WD-40 CO,3,Consumer Staples,36,Household Products
741,AXIL,AXIL US Equity,AXIL BRANDS INC,3,Consumer Staples,52,Personal Care Products
742,BRBR,BRBR US Equity,BELLRING BRANDS,3,Consumer Staples,52,Personal Care Products
743,COTY,COTY US Equity,COTY INC-CL A,3,Consumer Staples,52,Personal Care Products
744,EL,EL US Equity,ESTEE LAUDER,3,Consumer Staples,52,Personal Care Products
745,ELAB,ELAB US Equity,PMGC HOLDINGS IN,3,Consumer Staples,52,Personal Care Products
746,ELF,ELF US Equity,ELF BEAUTY INC,3,Consumer Staples,52,Personal Care Products
747,EPC,EPC US Equity,EDGEWELL PERSONA,3,Consumer Staples,52,Personal Care Products
748,FTLF,FTLF US Equity,FITLIFE BRANDS I,3,Consumer Staples,52,Personal Care Products
749,HLF,HLF US Equity,HERBALIFE LTD,3,Consumer Staples,52,Personal Care Products
750,HNST,HNST US Equity,HONEST CO INC/TH,3,Consumer Staples,52,Personal Care Products
751,IPAR,IPAR US Equity,INTERPARFUMS INC,3,Consumer Staples,52,Personal Care Products
752,KVUE,KVUE US Equity,KENVUE INC,3,Consumer Staples,52,Personal Care Products
753,LFVN,LFVN US Equity,LIFEVANTAGE CORP,3,Consumer Staples,52,Personal Care Products
754,MED,MED US Equity,MEDIFAST INC,3,Consumer Staples,52,Personal Care Products
755,MTEX,MTEX US Equity,MANNATECH INC,3,Consumer Staples,52,Personal Care Products
756,NAII,NAII US Equity,NATURAL ALT INTL,3,Consumer Staples,52,Personal Care Products
757,NATR,NATR US Equity,NATURE'S SUNSHNE,3,Consumer Staples,52,Personal Care Products
758,NUS,NUS US Equity,NU SKIN ENTERP-A,3,Consumer Staples,52,Personal Care Products
759,OLPX,OLPX US Equity,OLAPLEX HOLDINGS,3,Consumer Staples,52,Personal Care Products
760,SHOT,SHOT US Equity,SAFETY SHOT INC,3,Consumer Staples,52,Personal Care Products
761,SKIN,SKIN US Equity,BEAUTY HEALTH CO,3,Consumer Staples,52,Personal Care Products
762,SNYR,SNYR US Equity,SYNERGY CHC CORP,3,Consumer Staples,52,Personal Care Products
763,UG,UG US Equity,UNITED GUARDIAN,3,Consumer Staples,52,Personal Care Products
764,UPXI,UPXI US Equity,UPEXI INC,3,Consumer Staples,52,Personal Care Products
765,USNA,USNA US Equity,USANA HEALTH SCI,3,Consumer Staples,52,Personal Care Products
766,WALD,WALD US Equity,WALDENCAST PLC-A,3,Consumer Staples,52,Personal Care Products
767,ISPR,ISPR US Equity,ISPIRE TECHNOLOG,3,Consumer Staples,61,Tobacco
768,MO,MO US Equity,ALTRIA GROUP INC,3,Consumer Staples,61,Tobacco
769,PM,PM US Equity,PHILIP MORRIS IN,3,Consumer Staples,61,Tobacco
770,TPB,TPB US Equity,TURNING POINT BR,3,Consumer Staples,61,Tobacco
771,UVV,UVV US Equity,UNIVERSAL CORP,3,Consumer Staples,61,Tobacco
772,XXII,XXII US Equity,22ND CENTURY GRO,3,Consumer Staples,61,Tobacco
773,ACDC,ACDC US Equity,PROFRAC HOLDIN-A,4,Energy,24,Energy Equipment & Services
774,AESI,AESI US Equity,ATLAS ENERGY SOL,4,Energy,24,Energy Equipment & Services
775,ARIS,ARIS US Equity,ARIS WATER SOL-A,4,Energy,24,Energy Equipment & Services
776,AROC,AROC US Equity,ARCHROCK INC,4,Energy,24,Energy Equipment & Services
777,BKR,BKR US Equity,BAKER HUGHES CO,4,Energy,24,Energy Equipment & Services
778,BOOM,BOOM US Equity,DMC GLOBAL INC,4,Energy,24,Energy Equipment & Services
779,CHX,CHX US Equity,CHAMPIONX CORP,4,Energy,24,Energy Equipment & Services
780,CLB,CLB US Equity,CORE LABORATORIE,4,Energy,24,Energy Equipment & Services
781,DTI,DTI US Equity,DRILLING TOOLS I,4,Energy,24,Energy Equipment & Services
782,DWSN,DWSN US Equity,DAWSON GEOPHYSIC,4,Energy,24,Energy Equipment & Services
783,ESOA,ESOA US Equity,ENERGY SERVICES,4,Energy,24,Energy Equipment & Services
784,FET,FET US Equity,FORUM ENERGY TEC,4,Energy,24,Energy Equipment & Services
785,FLOC,FLOC US Equity,FLOWCO HOLDINGS,4,Energy,24,Energy Equipment & Services
786,GEOS,GEOS US Equity,GEOSPACE TECHNOL,4,Energy,24,Energy Equipment & Services
787,GIFI,GIFI US Equity,GULF ISLAND FABR,4,Energy,24,Energy Equipment & Services
788,HAL,HAL US Equity,HALLIBURTON CO,4,Energy,24,Energy Equipment & Services
789,HLX,HLX US Equity,HELIX ENERGY SOL,4,Energy,24,Energy Equipment & Services
790,HP,HP US Equity,HELMERICH & PAYN,4,Energy,24,Energy Equipment & Services
791,INVX,INVX US Equity,INNOVEX INTERNAT,4,Energy,24,Energy Equipment & Services
792,KGS,KGS US Equity,KODIAK GAS SERVI,4,Energy,24,Energy Equipment & Services
793,KLXE,KLXE US Equity,KLX ENERGY SERVI,4,Energy,24,Energy Equipment & Services
794,LBRT,LBRT US Equity,LIBERTY ENERGY I,4,Energy,24,Energy Equipment & Services
795,MIND,MIND US Equity,MIND TECHNOLOGY,4,Energy,24,Energy Equipment & Services
796,NBR,NBR US Equity,NABORS INDS LTD,4,Energy,24,Energy Equipment & Services
797,NCSM,NCSM US Equity,NCS MULTISTAGE H,4,Energy,24,Energy Equipment & Services
798,NE,NE US Equity,NOBLE CORP PLC,4,Energy,24,Energy Equipment & Services
799,NESR,NESR US Equity,NATIONAL ENERGY,4,Energy,24,Energy Equipment & Services
800,NESRW,NESRW US Equity,NATIONAL EN-CW23,4,Energy,24,Energy Equipment & Services
801,NGS,NGS US Equity,NATURAL GAS SERV,4,Energy,24,Energy Equipment & Services
802,NINE,NINE US Equity,NINE ENERGY SERV,4,Energy,24,Energy Equipment & Services
803,NOV,NOV US Equity,NOV INC,4,Energy,24,Energy Equipment & Services
804,OII,OII US Equity,OCEANEERING INTL,4,Energy,24,Energy Equipment & Services
805,OIS,OIS US Equity,OIL STATES INTL,4,Energy,24,Energy Equipment & Services
806,PTEN,PTEN US Equity,PATTERSON-UTI,4,Energy,24,Energy Equipment & Services
807,PUMP,PUMP US Equity,PROPETRO HOLDING,4,Energy,24,Energy Equipment & Services
808,RES,RES US Equity,RPC INC,4,Energy,24,Energy Equipment & Services
809,RNGR,RNGR US Equity,RANGER ENERGY A,4,Energy,24,Energy Equipment & Services
810,SEI,SEI US Equity,SOLARIS ENERGY I,4,Energy,24,Energy Equipment & Services
811,SLB,SLB US Equity,SCHLUMBERGER LTD,4,Energy,24,Energy Equipment & Services
812,SMHI,SMHI US Equity,SEACOR MARINE HO,4,Energy,24,Energy Equipment & Services
813,SND,SND US Equity,SMART SAND INC,4,Energy,24,Energy Equipment & Services
814,TDW,TDW US Equity,TIDEWATER INC,4,Energy,24,Energy Equipment & Services
815,TTI,TTI US Equity,TETRA TECHNOLOGI,4,Energy,24,Energy Equipment & Services
816,TUSK,TUSK US Equity,MAMMOTH ENERGY S,4,Energy,24,Energy Equipment & Services
817,USAC,USAC US Equity,USA COMPRESSION,4,Energy,24,Energy Equipment & Services
818,VAL,VAL US Equity,VALARIS LTD,4,Energy,24,Energy Equipment & Services
819,VTOL,VTOL US Equity,BRISTOW GROUP IN,4,Energy,24,Energy Equipment & Services
820,WFRD,WFRD US Equity,WEATHERFORD INTE,4,Energy,24,Energy Equipment & Services
821,WHD,WHD US Equity,CACTUS INC- A,4,Energy,24,Energy Equipment & Services
822,WTTR,WTTR US Equity,SELECT WATER SOL,4,Energy,24,Energy Equipment & Services
823,XPRO,XPRO US Equity,EXPRO GROUP HOLD,4,Energy,24,Energy Equipment & Services
824,AM,AM US Equity,ANTERO MIDSTREAM,4,Energy,49,"Oil, Gas & Consumable Fuels"
825,AMPY,AMPY US Equity,AMPLIFY ENERGY C,4,Energy,49,"Oil, Gas & Consumable Fuels"
826,AMTX,AMTX US Equity,AEMETIS INC,4,Energy,49,"Oil, Gas & Consumable Fuels"
827,APA,APA US Equity,APA CORP,4,Energy,49,"Oil, Gas & Consumable Fuels"
828,AR,AR US Equity,ANTERO RESOURCES,4,Energy,49,"Oil, Gas & Consumable Fuels"
829,AREC,AREC US Equity,AMERICAN RESOURC,4,Energy,49,"Oil, Gas & Consumable Fuels"
830,ARLP,ARLP US Equity,ALLIANCE RESOURC,4,Energy,49,"Oil, Gas & Consumable Fuels"
831,BATL,BATL US Equity,BATTALION OIL CO,4,Energy,49,"Oil, Gas & Consumable Fuels"
832,BKV,BKV US Equity,BKV CORPORATION,4,Energy,49,"Oil, Gas & Consumable Fuels"
833,BPT,BPT US Equity,BP PRUD BAY-RTU,4,Energy,49,"Oil, Gas & Consumable Fuels"
834,BRN,BRN US Equity,BARNWELL INDS,4,Energy,49,"Oil, Gas & Consumable Fuels"
835,BRY,BRY US Equity,BERRY CORP,4,Energy,49,"Oil, Gas & Consumable Fuels"
836,BSM,BSM US Equity,BLACK STONE MINE,4,Energy,49,"Oil, Gas & Consumable Fuels"
837,BTU,BTU US Equity,PEABODY ENERGY,4,Energy,49,"Oil, Gas & Consumable Fuels"
838,CAPL,CAPL US Equity,CROSSAMERICA PAR,4,Energy,49,"Oil, Gas & Consumable Fuels"
839,CETY,CETY US Equity,CLEAN ENERGY TEC,4,Energy,49,"Oil, Gas & Consumable Fuels"
840,CHRD,CHRD US Equity,CHORD ENERGY COR,4,Energy,49,"Oil, Gas & Consumable Fuels"
841,CIVI,CIVI US Equity,CIVITAS RESOURCE,4,Energy,49,"Oil, Gas & Consumable Fuels"
842,CLMT,CLMT US Equity,CALUMET INC,4,Energy,49,"Oil, Gas & Consumable Fuels"
843,CLNE,CLNE US Equity,CLEAN ENERGY FUE,4,Energy,49,"Oil, Gas & Consumable Fuels"
844,CNR,CNR US Equity,CORE NATURAL RES,4,Energy,49,"Oil, Gas & Consumable Fuels"
845,CNX,CNX US Equity,CNX RESOURCES CO,4,Energy,49,"Oil, Gas & Consumable Fuels"
846,COP,COP US Equity,CONOCOPHILLIPS,4,Energy,49,"Oil, Gas & Consumable Fuels"
847,CQP,CQP US Equity,CHENIERE ENERGY,4,Energy,49,"Oil, Gas & Consumable Fuels"
848,CRC,CRC US Equity,CALIFORNIA RESOU,4,Energy,49,"Oil, Gas & Consumable Fuels"
849,CRGY,CRGY US Equity,CRESCENT ENERG-A,4,Energy,49,"Oil, Gas & Consumable Fuels"
850,CRK,CRK US Equity,COMSTOCK RES INC,4,Energy,49,"Oil, Gas & Consumable Fuels"
851,CRT,CRT US Equity,CROSS TIMBERS TR,4,Energy,49,"Oil, Gas & Consumable Fuels"
852,CTRA,CTRA US Equity,COTERRA ENERGY I,4,Energy,49,"Oil, Gas & Consumable Fuels"
853,CVI,CVI US Equity,CVR ENERGY INC,4,Energy,49,"Oil, Gas & Consumable Fuels"
854,CVX,CVX US Equity,CHEVRON CORP,4,Energy,49,"Oil, Gas & Consumable Fuels"
855,DEC,DEC US Equity,DIVERSIFIED ENER,4,Energy,49,"Oil, Gas & Consumable Fuels"
856,DINO,DINO US Equity,HF SINCLAIR CORP,4,Energy,49,"Oil, Gas & Consumable Fuels"
857,DK,DK US Equity,DELEK US HOLDING,4,Energy,49,"Oil, Gas & Consumable Fuels"
858,DKL,DKL US Equity,DELEK LOGISTICS,4,Energy,49,"Oil, Gas & Consumable Fuels"
859,DMLP,DMLP US Equity,DORCHESTER MINER,4,Energy,49,"Oil, Gas & Consumable Fuels"
860,DTM,DTM US Equity,DT MIDSTREAM,4,Energy,49,"Oil, Gas & Consumable Fuels"
861,DVN,DVN US Equity,DEVON ENERGY CO,4,Energy,49,"Oil, Gas & Consumable Fuels"
862,EE,EE US Equity,EXCELERATE ENE-A,4,Energy,49,"Oil, Gas & Consumable Fuels"
863,EGY,EGY US Equity,VAALCO ENERGY,4,Energy,49,"Oil, Gas & Consumable Fuels"
864,EOG,EOG US Equity,EOG RESOURCES,4,Energy,49,"Oil, Gas & Consumable Fuels"
865,EONR,EONR US Equity,EON RESOURCES IN,4,Energy,49,"Oil, Gas & Consumable Fuels"
866,EP,EP US Equity,EMPIRE PETRO,4,Energy,49,"Oil, Gas & Consumable Fuels"
867,EPD,EPD US Equity,ENTERPRISE PRODU,4,Energy,49,"Oil, Gas & Consumable Fuels"
868,EPM,EPM US Equity,EVOLUTION PETROL,4,Energy,49,"Oil, Gas & Consumable Fuels"
869,EPSN,EPSN US Equity,EPSILON ENERGY,4,Energy,49,"Oil, Gas & Consumable Fuels"
870,EQT,EQT US Equity,EQT CORP,4,Energy,49,"Oil, Gas & Consumable Fuels"
871,ET,ET US Equity,ENERGY TRANSFER,4,Energy,49,"Oil, Gas & Consumable Fuels"
872,EXE,EXE US Equity,EXPAND ENERGY CO,4,Energy,49,"Oil, Gas & Consumable Fuels"
873,FANG,FANG US Equity,DIAMONDBACK ENER,4,Energy,49,"Oil, Gas & Consumable Fuels"
874,FF,FF US Equity,FUTUREFUEL CORP,4,Energy,49,"Oil, Gas & Consumable Fuels"
875,GEL,GEL US Equity,GENESIS ENERGY,4,Energy,49,"Oil, Gas & Consumable Fuels"
876,GEVO,GEVO US Equity,GEVO INC,4,Energy,49,"Oil, Gas & Consumable Fuels"
877,GLP,GLP US Equity,GLOBAL PARTNERS,4,Energy,49,"Oil, Gas & Consumable Fuels"
878,GPOR,GPOR US Equity,GULFPORT ENERGY,4,Energy,49,"Oil, Gas & Consumable Fuels"
879,GPRE,GPRE US Equity,GREEN PLAINS INC,4,Energy,49,"Oil, Gas & Consumable Fuels"
880,GRNT,GRNT US Equity,GRANITE RIDGE RE,4,Energy,49,"Oil, Gas & Consumable Fuels"
881,HES,HES US Equity,HESS CORP,4,Energy,49,"Oil, Gas & Consumable Fuels"
882,HESM,HESM US Equity,HESS MIDSTREAM-A,4,Energy,49,"Oil, Gas & Consumable Fuels"
883,HNRG,HNRG US Equity,HALLADOR ENERGY,4,Energy,49,"Oil, Gas & Consumable Fuels"
884,HPK,HPK US Equity,HIGHPEAK ENERGY,4,Energy,49,"Oil, Gas & Consumable Fuels"
885,HUSA,HUSA US Equity,HOUSTON AMERICAN,4,Energy,49,"Oil, Gas & Consumable Fuels"
886,INR,INR US Equity,INFINITY NATUR-A,4,Energy,49,"Oil, Gas & Consumable Fuels"
887,INSW,INSW US Equity,INTERNATIONAL SE,4,Energy,49,"Oil, Gas & Consumable Fuels"
888,KGEI,KGEI US Equity,KOLIBRI GLOBAL E,4,Energy,49,"Oil, Gas & Consumable Fuels"
889,KMI,KMI US Equity,KINDER MORGAN IN,4,Energy,49,"Oil, Gas & Consumable Fuels"
890,KNTK,KNTK US Equity,KINETIK HOLDINGS,4,Energy,49,"Oil, Gas & Consumable Fuels"
891,KOS,KOS US Equity,KOSMOS ENERGY LT,4,Energy,49,"Oil, Gas & Consumable Fuels"
892,KRP,KRP US Equity,KIMBELL ROYALTY,4,Energy,49,"Oil, Gas & Consumable Fuels"
893,LEU,LEU US Equity,CENTRUS ENERGY-A,4,Energy,49,"Oil, Gas & Consumable Fuels"
894,LNG,LNG US Equity,CHENIERE ENERGY,4,Energy,49,"Oil, Gas & Consumable Fuels"
895,LODE,LODE US Equity,COMSTOCK INC,4,Energy,49,"Oil, Gas & Consumable Fuels"
896,LPG,LPG US Equity,DORIAN LPG LTD,4,Energy,49,"Oil, Gas & Consumable Fuels"
897,LTBR,LTBR US Equity,LIGHTBRIDGE CORP,4,Energy,49,"Oil, Gas & Consumable Fuels"
898,MARPS,MARPS US Equity,MARINE PETRO TST,4,Energy,49,"Oil, Gas & Consumable Fuels"
899,MGY,MGY US Equity,MAGNOLIA OIL-A,4,Energy,49,"Oil, Gas & Consumable Fuels"
900,MMLP,MMLP US Equity,MARTIN MIDSTREAM,4,Energy,49,"Oil, Gas & Consumable Fuels"
901,MNR,MNR US Equity,MACH NATURAL RES,4,Energy,49,"Oil, Gas & Consumable Fuels"
902,MPC,MPC US Equity,MARATHON PETROLE,4,Energy,49,"Oil, Gas & Consumable Fuels"
903,MPLX,MPLX US Equity,MPLX LP,4,Energy,49,"Oil, Gas & Consumable Fuels"
904,MTDR,MTDR US Equity,MATADOR RESOURCE,4,Energy,49,"Oil, Gas & Consumable Fuels"
905,MTR,MTR US Equity,MESA RYLTY TRUST,4,Energy,49,"Oil, Gas & Consumable Fuels"
906,MUR,MUR US Equity,MURPHY OIL CORP,4,Energy,49,"Oil, Gas & Consumable Fuels"
907,MVO,MVO US Equity,MV OIL TRUST,4,Energy,49,"Oil, Gas & Consumable Fuels"
908,MXC,MXC US Equity,MEXCO ENERGY CRP,4,Energy,49,"Oil, Gas & Consumable Fuels"
909,NC,NC US Equity,NACCO INDS-CL A,4,Energy,49,"Oil, Gas & Consumable Fuels"
910,NEHC,NEHC US Equity,NEW ERA HELIUM I,4,Energy,49,"Oil, Gas & Consumable Fuels"
911,NEXT,NEXT US Equity,NEXTDECADE CORP,4,Energy,49,"Oil, Gas & Consumable Fuels"
912,NFE,NFE US Equity,NEW FORTRESS ENE,4,Energy,49,"Oil, Gas & Consumable Fuels"
913,NGL,NGL US Equity,NGL ENERGY PARTN,4,Energy,49,"Oil, Gas & Consumable Fuels"
914,NOG,NOG US Equity,NORTHERN OIL AND,4,Energy,49,"Oil, Gas & Consumable Fuels"
915,NRP,NRP US Equity,NATURAL RESOURCE,4,Energy,49,"Oil, Gas & Consumable Fuels"
916,NRT,NRT US Equity,NORTH EURO OIL,4,Energy,49,"Oil, Gas & Consumable Fuels"
917,NVGS,NVGS US Equity,NAVIGATOR HOLDIN,4,Energy,49,"Oil, Gas & Consumable Fuels"
918,NXXT,NXXT US Equity,NEXTNRG INC,4,Energy,49,"Oil, Gas & Consumable Fuels"
919,OKE,OKE US Equity,ONEOK INC,4,Energy,49,"Oil, Gas & Consumable Fuels"
920,OPAL,OPAL US Equity,OPAL FUELS INC-A,4,Energy,49,"Oil, Gas & Consumable Fuels"
921,OVV,OVV US Equity,OVINTIV INC,4,Energy,49,"Oil, Gas & Consumable Fuels"
922,OXY,OXY US Equity,OCCIDENTAL PETE,4,Energy,49,"Oil, Gas & Consumable Fuels"
923,OXY/WS,OXY/WS US Equity,OCCIDEN-CW27,4,Energy,49,"Oil, Gas & Consumable Fuels"
924,PAA,PAA US Equity,PLAINS ALL AMER,4,Energy,49,"Oil, Gas & Consumable Fuels"
925,PAGP,PAGP US Equity,PLAINS GP HOLD-A,4,Energy,49,"Oil, Gas & Consumable Fuels"
926,PARR,PARR US Equity,PAR PACIFIC HOLD,4,Energy,49,"Oil, Gas & Consumable Fuels"
927,PBF,PBF US Equity,PBF ENERGY INC-A,4,Energy,49,"Oil, Gas & Consumable Fuels"
928,PBT,PBT US Equity,PERMIAN BASIN,4,Energy,49,"Oil, Gas & Consumable Fuels"
929,PED,PED US Equity,PEDEVCO CORP,4,Energy,49,"Oil, Gas & Consumable Fuels"
930,PHX,PHX US Equity,PHX MINERALS INC,4,Energy,49,"Oil, Gas & Consumable Fuels"
931,PNRG,PNRG US Equity,PRIMEENERGY RESO,4,Energy,49,"Oil, Gas & Consumable Fuels"
932,PR,PR US Equity,PERMIAN RESOURCE,4,Energy,49,"Oil, Gas & Consumable Fuels"
933,PROP,PROP US Equity,PRAIRIE OPERATIN,4,Energy,49,"Oil, Gas & Consumable Fuels"
934,PRT,PRT US Equity,PERMROCK ROYALTY,4,Energy,49,"Oil, Gas & Consumable Fuels"
935,PSX,PSX US Equity,PHILLIPS 66,4,Energy,49,"Oil, Gas & Consumable Fuels"
936,PVL,PVL US Equity,PERMIANVILLE ROY,4,Energy,49,"Oil, Gas & Consumable Fuels"
937,REI,REI US Equity,RING ENERGY INC,4,Energy,49,"Oil, Gas & Consumable Fuels"
938,REPX,REPX US Equity,RILEY EXPLORATIO,4,Energy,49,"Oil, Gas & Consumable Fuels"
939,REX,REX US Equity,REX AMERICAN RES,4,Energy,49,"Oil, Gas & Consumable Fuels"
940,RRC,RRC US Equity,RANGE RESOURCES,4,Energy,49,"Oil, Gas & Consumable Fuels"
941,SBR,SBR US Equity,SABINE ROYALTY,4,Energy,49,"Oil, Gas & Consumable Fuels"
942,SD,SD US Equity,SANDRIDGE ENERGY,4,Energy,49,"Oil, Gas & Consumable Fuels"
943,SJT,SJT US Equity,SAN JUAN BASIN,4,Energy,49,"Oil, Gas & Consumable Fuels"
944,SKYQ,SKYQ US Equity,SKY QUARRY INC,4,Energy,49,"Oil, Gas & Consumable Fuels"
945,SLNG,SLNG US Equity,STABILIS SOLUTIO,4,Energy,49,"Oil, Gas & Consumable Fuels"
946,SM,SM US Equity,SM ENERGY CO,4,Energy,49,"Oil, Gas & Consumable Fuels"
947,SMC,SMC US Equity,SUMMIT MIDSTREAM,4,Energy,49,"Oil, Gas & Consumable Fuels"
948,SOC,SOC US Equity,SABLE OFFSHORE C,4,Energy,49,"Oil, Gas & Consumable Fuels"
949,STR,STR US Equity,SITIO ROYALTIE-A,4,Energy,49,"Oil, Gas & Consumable Fuels"
950,SUN,SUN US Equity,SUNOCO LP,4,Energy,49,"Oil, Gas & Consumable Fuels"
951,TALO,TALO US Equity,TALOS ENERGY INC,4,Energy,49,"Oil, Gas & Consumable Fuels"
952,TPET,TPET US Equity,TRIO PETROLEUM C,4,Energy,49,"Oil, Gas & Consumable Fuels"
953,TPL,TPL US Equity,TEXAS PACIFIC LA,4,Energy,49,"Oil, Gas & Consumable Fuels"
954,TRGP,TRGP US Equity,TARGA RESOURCES,4,Energy,49,"Oil, Gas & Consumable Fuels"
955,TXO,TXO US Equity,TXO PARTNERS LP,4,Energy,49,"Oil, Gas & Consumable Fuels"
956,UEC,UEC US Equity,URANIUM ENERGY,4,Energy,49,"Oil, Gas & Consumable Fuels"
957,URG,URG US Equity,UR-ENERGY INC,4,Energy,49,"Oil, Gas & Consumable Fuels"
958,USEG,USEG US Equity,US ENERGY CORP,4,Energy,49,"Oil, Gas & Consumable Fuels"
959,UUUU,UUUU US Equity,ENERGY FUELS INC,4,Energy,49,"Oil, Gas & Consumable Fuels"
960,VG,VG US Equity,VENTURE GLOBAL-A,4,Energy,49,"Oil, Gas & Consumable Fuels"
961,VGAS,VGAS US Equity,VERDE CLEAN FUEL,4,Energy,49,"Oil, Gas & Consumable Fuels"
962,VIVK,VIVK US Equity,VIVAKOR INC,4,Energy,49,"Oil, Gas & Consumable Fuels"
963,VLO,VLO US Equity,VALERO ENERGY,4,Energy,49,"Oil, Gas & Consumable Fuels"
964,VNOM,VNOM US Equity,VIPER ENERGY INC,4,Energy,49,"Oil, Gas & Consumable Fuels"
965,VOC,VOC US Equity,VOC ENERGY TRUST,4,Energy,49,"Oil, Gas & Consumable Fuels"
966,VTLE,VTLE US Equity,VITAL ENERGY INC,4,Energy,49,"Oil, Gas & Consumable Fuels"
967,VTS,VTS US Equity,VITESSE ENERGY,4,Energy,49,"Oil, Gas & Consumable Fuels"
968,WES,WES US Equity,WESTERN MIDSTREA,4,Energy,49,"Oil, Gas & Consumable Fuels"
969,WKC,WKC US Equity,WORLD KINECT COR,4,Energy,49,"Oil, Gas & Consumable Fuels"
970,WMB,WMB US Equity,WILLIAMS COS INC,4,Energy,49,"Oil, Gas & Consumable Fuels"
971,WTI,WTI US Equity,W&T OFFSHORE INC,4,Energy,49,"Oil, Gas & Consumable Fuels"
972,XOM,XOM US Equity,EXXON MOBIL CORP,4,Energy,49,"Oil, Gas & Consumable Fuels"
973,ATHR,ATHR US Equity,AETHER HOLDINGS,5,Financials,9,Capital Markets
974,DBRG,DBRG US Equity,DIGITALBRIDGE GR,5,Financials,9,Capital Markets
975,DFIN,DFIN US Equity,DONNELLEY FINANC,5,Financials,9,Capital Markets
976,GLXY,GLXY US Equity,GALAXY DIGITAL I,5,Financials,9,Capital Markets
977,MGLD,MGLD US Equity,MARYGOLD COMPANI,5,Financials,9,Capital Markets
978,VALU,VALU US Equity,VALUE LINE INC,5,Financials,9,Capital Markets
979,DFDV,DFDV US Equity,DEFI DEVELOPMENT,5,Financials,15,Consumer Finance
980,FCFS,FCFS US Equity,FIRSTCASH HOLDIN,5,Financials,15,Consumer Finance
981,PRG,PRG US Equity,PROG HOLDINGS IN,5,Financials,15,Consumer Finance
982,ACTG,ACTG US Equity,ACACIA RESEARCH,5,Financials,26,Financial Services
983,AVDX,AVDX US Equity,AVIDXCHANGE HLDG,5,Financials,26,Financial Services
984,CTLP,CTLP US Equity,CANTALOUPE INC,5,Financials,26,Financial Services
985,FPAY,FPAY US Equity,FLEXSHOPPER INC,5,Financials,26,Financial Services
986,NATL,NATL US Equity,NCR ATLEOS CORP,5,Financials,26,Financial Services
987,OLB,OLB US Equity,OLB GROUP INC,5,Financials,26,Financial Services
988,RVYL,RVYL US Equity,RYVYL INC,5,Financials,26,Financial Services
989,HIT,HIT US Equity,HEALTH IN TECH-A,5,Financials,40,Insurance
990,OSCR,OSCR US Equity,OSCAR HEALTH -A,5,Financials,40,Insurance
991,ABBV,ABBV US Equity,ABBVIE INC,6,Health Care,6,Biotechnology
992,ABEO,ABEO US Equity,ABEONA THERAPEUT,6,Health Care,6,Biotechnology
993,ABOS,ABOS US Equity,ACUMEN PHARMACEU,6,Health Care,6,Biotechnology
994,ABP,ABP US Equity,ABPRO HOLDINGS I,6,Health Care,6,Biotechnology
995,ABSI,ABSI US Equity,ABSCI CORP,6,Health Care,6,Biotechnology
996,ABUS,ABUS US Equity,ARBUTUS BIOPHARM,6,Health Care,6,Biotechnology
997,ABVC,ABVC US Equity,ABVC BIOPHARMA I,6,Health Care,6,Biotechnology
998,ACAD,ACAD US Equity,ACADIA PHARMACEU,6,Health Care,6,Biotechnology
999,ACET,ACET US Equity,ADICET BIO INC,6,Health Care,6,Biotechnology
1000,ACHV,ACHV US Equity,ACHIEVE LIFE SCI,6,Health Care,6,Biotechnology
1001,ACLX,ACLX US Equity,ARCELLX INC,6,Health Care,6,Biotechnology
1002,ACRV,ACRV US Equity,ACRIVON THERAPEU,6,Health Care,6,Biotechnology
1003,ACTU,ACTU US Equity,ACTUATE THERAPEU,6,Health Care,6,Biotechnology
1004,ACXP,ACXP US Equity,ACURX PHARMACEUT,6,Health Care,6,Biotechnology
1005,ADMA,ADMA US Equity,ADMA BIOLOGICS I,6,Health Care,6,Biotechnology
1006,ADTX,ADTX US Equity,ADITXT INC,6,Health Care,6,Biotechnology
1007,ADVM,ADVM US Equity,ADVERUM BIOTECHN,6,Health Care,6,Biotechnology
1008,AEON,AEON US Equity,AEON BIOPHARMA I,6,Health Care,6,Biotechnology
1009,AGEN,AGEN US Equity,AGENUS INC,6,Health Care,6,Biotechnology
1010,AGIO,AGIO US Equity,AGIOS PHARMACEUT,6,Health Care,6,Biotechnology
1011,AIMD,AIMD US Equity,AINOS INC,6,Health Care,6,Biotechnology
1012,AKBA,AKBA US Equity,AKEBIA THERAPEUT,6,Health Care,6,Biotechnology
1013,AKRO,AKRO US Equity,AKERO THERAPEUTI,6,Health Care,6,Biotechnology
1014,ALDX,ALDX US Equity,ALDEYRA THERAPEU,6,Health Care,6,Biotechnology
1015,ALEC,ALEC US Equity,ALECTOR INC,6,Health Care,6,Biotechnology
1016,ALGS,ALGS US Equity,ALIGOS THERAPEUT,6,Health Care,6,Biotechnology
1017,ALLO,ALLO US Equity,ALLOGENE THERAPE,6,Health Care,6,Biotechnology
1018,ALLR,ALLR US Equity,ALLARITY THERAPE,6,Health Care,6,Biotechnology
1019,ALNY,ALNY US Equity,ALNYLAM PHARMACE,6,Health Care,6,Biotechnology
1020,ALT,ALT US Equity,ALTIMMUNE INC,6,Health Care,6,Biotechnology
1021,ALXO,ALXO US Equity,ALX ONCOLOGY HOL,6,Health Care,6,Biotechnology
1022,ALZN,ALZN US Equity,ALZAMEND NEURO I,6,Health Care,6,Biotechnology
1023,AMGN,AMGN US Equity,AMGEN INC,6,Health Care,6,Biotechnology
1024,ANAB,ANAB US Equity,ANAPTYSBIO INC,6,Health Care,6,Biotechnology
1025,ANIK,ANIK US Equity,ANIKA THERAPEUTI,6,Health Care,6,Biotechnology
1026,ANIX,ANIX US Equity,ANIXA BIOSCIENCE,6,Health Care,6,Biotechnology
1027,ANNX,ANNX US Equity,ANNEXON INC,6,Health Care,6,Biotechnology
1028,ANVS,ANVS US Equity,ANNOVIS BIO,6,Health Care,6,Biotechnology
1029,APGE,APGE US Equity,APOGEE THERAPEUT,6,Health Care,6,Biotechnology
1030,APLM,APLM US Equity,APOLLOMICS INC,6,Health Care,6,Biotechnology
1031,APLS,APLS US Equity,APELLIS PHARMACE,6,Health Care,6,Biotechnology
1032,APLT,APLT US Equity,APPLIED THERAPEU,6,Health Care,6,Biotechnology
1033,APRE,APRE US Equity,APREA THERAPEUTI,6,Health Care,6,Biotechnology
1034,APUS,APUS US Equity,APIMEDS PHARMACE,6,Health Care,6,Biotechnology
1035,APVO,APVO US Equity,APTEVO THERAPE,6,Health Care,6,Biotechnology
1036,AQB,AQB US Equity,AQUABOUNTY TE,6,Health Care,6,Biotechnology
1037,ARCT,ARCT US Equity,ARCTURUS THERAPE,6,Health Care,6,Biotechnology
1038,ARDX,ARDX US Equity,ARDELYX INC,6,Health Care,6,Biotechnology
1039,ARMP,ARMP US Equity,ARMATA PHARMACEU,6,Health Care,6,Biotechnology
1040,ARQT,ARQT US Equity,ARCUTIS BIOTHERA,6,Health Care,6,Biotechnology
1041,ARTV,ARTV US Equity,ARTIVA BIOTHERAP,6,Health Care,6,Biotechnology
1042,ARWR,ARWR US Equity,ARROWHEAD PHARMA,6,Health Care,6,Biotechnology
1043,ASMB,ASMB US Equity,ASSEMBLY BIOSCIE,6,Health Care,6,Biotechnology
1044,ATNF,ATNF US Equity,180 LIFE SCIENCE,6,Health Care,6,Biotechnology
1045,ATNFW,ATNFW US Equity,KBL MERGER-CW23,6,Health Care,6,Biotechnology
1046,ATNM,ATNM US Equity,ACTINIUM PHARMAC,6,Health Care,6,Biotechnology
1047,ATOS,ATOS US Equity,ATOSSA THERAPEUT,6,Health Care,6,Biotechnology
1048,ATRA,ATRA US Equity,ATARA BIOTHERAPE,6,Health Care,6,Biotechnology
1049,ATXS,ATXS US Equity,ASTRIA THERAPEUT,6,Health Care,6,Biotechnology
1050,ATYR,ATYR US Equity,ATYR PHARMA INC,6,Health Care,6,Biotechnology
1051,AURA,AURA US Equity,AURA BIOSCIENCES,6,Health Care,6,Biotechnology
1052,AVBP,AVBP US Equity,ARRIVENT BIOPHAR,6,Health Care,6,Biotechnology
1053,AVTX,AVTX US Equity,AVALO THERAPEUTI,6,Health Care,6,Biotechnology
1054,AVXL,AVXL US Equity,ANAVEX LIFE SCIE,6,Health Care,6,Biotechnology
1055,AZTR,AZTR US Equity,AZITRA INC,6,Health Care,6,Biotechnology
1056,BBIO,BBIO US Equity,BRIDGEBIO PHARMA,6,Health Care,6,Biotechnology
1057,BBLG,BBLG US Equity,BONE BIOLOGICS C,6,Health Care,6,Biotechnology
1058,BCAB,BCAB US Equity,BIOATLA INC,6,Health Care,6,Biotechnology
1059,BCAX,BCAX US Equity,BICARA THERAPEUT,6,Health Care,6,Biotechnology
1060,BCDA,BCDA US Equity,BIOCARDIA INC,6,Health Care,6,Biotechnology
1061,BCLI,BCLI US Equity,BRAINSTORM CELL,6,Health Care,6,Biotechnology
1062,BCRX,BCRX US Equity,BIOCRYST PHARM,6,Health Care,6,Biotechnology
1063,BDTX,BDTX US Equity,BLACK DIAMOND TH,6,Health Care,6,Biotechnology
1064,BEAM,BEAM US Equity,BEAM THERAPEUTIC,6,Health Care,6,Biotechnology
1065,BHVN,BHVN US Equity,BIOHAVEN LTD,6,Health Care,6,Biotechnology
1066,BIAF,BIAF US Equity,BIOAFFINITY TECH,6,Health Care,6,Biotechnology
1067,BIIB,BIIB US Equity,BIOGEN INC,6,Health Care,6,Biotechnology
1068,BIVI,BIVI US Equity,BIOVIE INC,6,Health Care,6,Biotechnology
1069,BMEA,BMEA US Equity,BIOMEA FUSION IN,6,Health Care,6,Biotechnology
1070,BMRN,BMRN US Equity,BIOMARIN PHARMAC,6,Health Care,6,Biotechnology
1071,BNTC,BNTC US Equity,BENITEC BIOPHARM,6,Health Care,6,Biotechnology
1072,BOLD,BOLD US Equity,BOUNDLESS BIO IN,6,Health Care,6,Biotechnology
1073,BOLT,BOLT US Equity,BOLT BIOTHERAPEU,6,Health Care,6,Biotechnology
1074,BPMC,BPMC US Equity,BLUEPRINT MEDICI,6,Health Care,6,Biotechnology
1075,BRTX,BRTX US Equity,BIORESTORATIVE T,6,Health Care,6,Biotechnology
1076,BTAI,BTAI US Equity,BIOXCEL THERAPEU,6,Health Care,6,Biotechnology
1077,BYSI,BYSI US Equity,BEYONDSPRING INC,6,Health Care,6,Biotechnology
1078,CABA,CABA US Equity,CABALETTA BIO IN,6,Health Care,6,Biotechnology
1079,CADL,CADL US Equity,CANDEL THERAPEUT,6,Health Care,6,Biotechnology
1080,CAMP,CAMP US Equity,CAMP4 THERAPEUTI,6,Health Care,6,Biotechnology
1081,CAPR,CAPR US Equity,CAPRICOR THERAPE,6,Health Care,6,Biotechnology
1082,CARM,CARM US Equity,CARISMA THERAPEU,6,Health Care,6,Biotechnology
1083,CASI,CASI US Equity,CASI PHARMACEUTI,6,Health Care,6,Biotechnology
1084,CATX,CATX US Equity,PERSPECTIVE THER,6,Health Care,6,Biotechnology
1085,CBUS,CBUS US Equity,CIBUS INC,6,Health Care,6,Biotechnology
1086,CCCC,CCCC US Equity,C4 THERAPEUTICS,6,Health Care,6,Biotechnology
1087,CDIO,CDIO US Equity,CARDIO DIAGNOSTI,6,Health Care,6,Biotechnology
1088,CDNA,CDNA US Equity,CAREDX INC,6,Health Care,6,Biotechnology
1089,CDTX,CDTX US Equity,CIDARA THERAPEUT,6,Health Care,6,Biotechnology
1090,CELC,CELC US Equity,CELCUITY INC,6,Health Care,6,Biotechnology
1091,CELU,CELU US Equity,CELULARITY INC-A,6,Health Care,6,Biotechnology
1092,CELZ,CELZ US Equity,CREATIVE MEDICAL,6,Health Care,6,Biotechnology
1093,CERO,CERO US Equity,CERO THERAPEUTIC,6,Health Care,6,Biotechnology
1094,CGEM,CGEM US Equity,CULLINAN THERAPE,6,Health Care,6,Biotechnology
1095,CGON,CGON US Equity,CG ONCOLOGY INC,6,Health Care,6,Biotechnology
1096,CHRO,CHRO US Equity,CHANNEL THERAPEU,6,Health Care,6,Biotechnology
1097,CHRS,CHRS US Equity,COHERUS ONCOLOGY,6,Health Care,6,Biotechnology
1098,CLDI,CLDI US Equity,CALIDI BIOTHERAP,6,Health Care,6,Biotechnology
1099,CLDX,CLDX US Equity,CELLDEX THERAPEU,6,Health Care,6,Biotechnology
1100,CLNN,CLNN US Equity,CLENE INC,6,Health Care,6,Biotechnology
1101,CLRB,CLRB US Equity,CELLECTAR BIOSCI,6,Health Care,6,Biotechnology
1102,CLYM,CLYM US Equity,CLIMB BIO INC,6,Health Care,6,Biotechnology
1103,CMPX,CMPX US Equity,COMPASS THERAPEU,6,Health Care,6,Biotechnology
1104,CNTA,CNTA US Equity,CENTESSA PHARMAC,6,Health Care,6,Biotechnology
1105,CNTB,CNTB US Equity,CONNECT BIOPHARM,6,Health Care,6,Biotechnology
1106,COEP,COEP US Equity,COEPTIS THERAPEU,6,Health Care,6,Biotechnology
1107,COGT,COGT US Equity,COGENT BIOSCIENC,6,Health Care,6,Biotechnology
1108,COYA,COYA US Equity,COYA THERAPEUTIC,6,Health Care,6,Biotechnology
1109,CPRX,CPRX US Equity,CATALYST PHARMAC,6,Health Care,6,Biotechnology
1110,CRBP,CRBP US Equity,CORBUS PHARMACEU,6,Health Care,6,Biotechnology
1111,CRBU,CRBU US Equity,CARIBOU BIOSCIEN,6,Health Care,6,Biotechnology
1112,CRDF,CRDF US Equity,CARDIFF ONCOLOGY,6,Health Care,6,Biotechnology
1113,CRGX,CRGX US Equity,CARGO THERAPEUTI,6,Health Care,6,Biotechnology
1114,CRIS,CRIS US Equity,CURIS INC,6,Health Care,6,Biotechnology
1115,CRNX,CRNX US Equity,CRINETICS PHARMA,6,Health Care,6,Biotechnology
1116,CRVO,CRVO US Equity,CERVOMED INC,6,Health Care,6,Biotechnology
1117,CRVS,CRVS US Equity,CORVUS PHARMACEU,6,Health Care,6,Biotechnology
1118,CSCI,CSCI US Equity,COSCIENS BIOPHAR,6,Health Care,6,Biotechnology
1119,CTMX,CTMX US Equity,CYTOMX THERAPEUT,6,Health Care,6,Biotechnology
1120,CTOR,CTOR US Equity,CITIUS ONCOLOGY,6,Health Care,6,Biotechnology
1121,CUE,CUE US Equity,CUE BIOPHARMA IN,6,Health Care,6,Biotechnology
1122,CVM,CVM US Equity,CEL-SCI CORP,6,Health Care,6,Biotechnology
1123,CYCC,CYCC US Equity,CYCLACEL PHARMAC,6,Health Care,6,Biotechnology
1124,CYCN,CYCN US Equity,CYCLERION THERAP,6,Health Care,6,Biotechnology
1125,CYTK,CYTK US Equity,CYTOKINETICS INC,6,Health Care,6,Biotechnology
1126,DAWN,DAWN US Equity,DAY ONE BIOPHARM,6,Health Care,6,Biotechnology
1127,DMAC,DMAC US Equity,DIAMEDICA THERAP,6,Health Care,6,Biotechnology
1128,DNLI,DNLI US Equity,DENALI THERAPEUT,6,Health Care,6,Biotechnology
1129,DNTH,DNTH US Equity,DIANTHUS THERAPE,6,Health Care,6,Biotechnology
1130,DRMA,DRMA US Equity,DERMATA THERAPEU,6,Health Care,6,Biotechnology
1131,DRUG,DRUG US Equity,BRIGHT MINDS BIO,6,Health Care,6,Biotechnology
1132,DSGN,DSGN US Equity,DESIGN THERAPEUT,6,Health Care,6,Biotechnology
1133,DTIL,DTIL US Equity,PRECISION BIOSCI,6,Health Care,6,Biotechnology
1134,DVAX,DVAX US Equity,DYNAVAX TECHNOLO,6,Health Care,6,Biotechnology
1135,DWTX,DWTX US Equity,DOGWOOD THERAPEU,6,Health Care,6,Biotechnology
1136,DYAI,DYAI US Equity,DYADIC INTERNATI,6,Health Care,6,Biotechnology
1137,DYN,DYN US Equity,DYNE THERAPEUTIC,6,Health Care,6,Biotechnology
1138,EBS,EBS US Equity,EMERGENT BIOSOLU,6,Health Care,6,Biotechnology
1139,EDIT,EDIT US Equity,EDITAS MEDICINE,6,Health Care,6,Biotechnology
1140,EDSA,EDSA US Equity,EDESA BIOTECH IN,6,Health Care,6,Biotechnology
1141,ELDN,ELDN US Equity,ELEDON PHARMACEU,6,Health Care,6,Biotechnology
1142,ELEV,ELEV US Equity,ELEVATION ONCOLO,6,Health Care,6,Biotechnology
1143,ELTX,ELTX US Equity,ELICIO THERAPEUT,6,Health Care,6,Biotechnology
1144,ELUT,ELUT US Equity,ELUTIA INC,6,Health Care,6,Biotechnology
1145,ENSC,ENSC US Equity,ENSYSCE BIOSCIEN,6,Health Care,6,Biotechnology
1146,ENTA,ENTA US Equity,ENANTA PHARMACEU,6,Health Care,6,Biotechnology
1147,ENTO,ENTO US Equity,ENTERO THERAPEUT,6,Health Care,6,Biotechnology
1148,EQ,EQ US Equity,EQUILLIUM INC,6,Health Care,6,Biotechnology
1149,ERAS,ERAS US Equity,ERASCA INC,6,Health Care,6,Biotechnology
1150,ERNA,ERNA US Equity,ERNEXA THERAPEUT,6,Health Care,6,Biotechnology
1151,ESLA,ESLA US Equity,ESTRELLA IMMUNOP,6,Health Care,6,Biotechnology
1152,ETNB,ETNB US Equity,89BIO INC,6,Health Care,6,Biotechnology
1153,EXAS,EXAS US Equity,EXACT SCIENCES,6,Health Care,6,Biotechnology
1154,EXEL,EXEL US Equity,EXELIXIS INC,6,Health Care,6,Biotechnology
1155,EXOZ,EXOZ US Equity,EXOZYMES INC,6,Health Care,6,Biotechnology
1156,FATE,FATE US Equity,FATE THERAPEUTIC,6,Health Care,6,Biotechnology
1157,FBIO,FBIO US Equity,FORTRESS BIOTECH,6,Health Care,6,Biotechnology
1158,FBLG,FBLG US Equity,FIBROBIOLOGICS I,6,Health Care,6,Biotechnology
1159,FBRX,FBRX US Equity,FORTE BIOSCIENCE,6,Health Care,6,Biotechnology
1160,FDMT,FDMT US Equity,4D MOLECULAR THE,6,Health Care,6,Biotechnology
1161,FENC,FENC US Equity,FENNEC PHARMACEU,6,Health Care,6,Biotechnology
1162,FGEN,FGEN US Equity,FIBROGEN INC,6,Health Care,6,Biotechnology
1163,FHTX,FHTX US Equity,FOGHORN THERAPEU,6,Health Care,6,Biotechnology
1164,FOLD,FOLD US Equity,AMICUS THERAPEUT,6,Health Care,6,Biotechnology
1165,GALT,GALT US Equity,GALECTIN THERAPE,6,Health Care,6,Biotechnology
1166,GANX,GANX US Equity,GAIN THERAPEUTIC,6,Health Care,6,Biotechnology
1167,GBIO,GBIO US Equity,GENERATION BIO C,6,Health Care,6,Biotechnology
1168,GERN,GERN US Equity,GERON CORP,6,Health Care,6,Biotechnology
1169,GILD,GILD US Equity,GILEAD SCIENCES,6,Health Care,6,Biotechnology
1170,GLSI,GLSI US Equity,GREENWICH LIFESC,6,Health Care,6,Biotechnology
1171,GLUE,GLUE US Equity,MONTE ROSA THERA,6,Health Care,6,Biotechnology
1172,GLYC,GLYC US Equity,GLYCOMIMETICS IN,6,Health Care,6,Biotechnology
1173,GNLX,GNLX US Equity,GENELUX CORP,6,Health Care,6,Biotechnology
1174,GNPX,GNPX US Equity,GENPREX INC,6,Health Care,6,Biotechnology
1175,GOSS,GOSS US Equity,GOSSAMER BIO INC,6,Health Care,6,Biotechnology
1176,GOVX,GOVX US Equity,GEOVAX LABS INC,6,Health Care,6,Biotechnology
1177,GRAL,GRAL US Equity,GRAIL INC,6,Health Care,6,Biotechnology
1178,GRI,GRI US Equity,GRI BIO INC,6,Health Care,6,Biotechnology
1179,GTBP,GTBP US Equity,GT BIOPHARMA INC,6,Health Care,6,Biotechnology
1180,GYRE,GYRE US Equity,GYRE THERAPEUTIC,6,Health Care,6,Biotechnology
1181,HALO,HALO US Equity,HALOZYME THERAPE,6,Health Care,6,Biotechnology
1182,HCWB,HCWB US Equity,HCW BIOLOGICS IN,6,Health Care,6,Biotechnology
1183,HLVX,HLVX US Equity,HILLEVAX INC,6,Health Care,6,Biotechnology
1184,HOOK,HOOK US Equity,HOOKIPA PHARMA I,6,Health Care,6,Biotechnology
1185,HOWL,HOWL US Equity,WEREWOLF THERAPE,6,Health Care,6,Biotechnology
1186,HRTX,HRTX US Equity,HERON THERAPEUTI,6,Health Care,6,Biotechnology
1187,HUMA,HUMA US Equity,HUMACYTE INC,6,Health Care,6,Biotechnology
1188,HURA,HURA US Equity,TUHURA BIOSCIENC,6,Health Care,6,Biotechnology
1189,IBIO,IBIO US Equity,IBIO INC,6,Health Care,6,Biotechnology
1190,IBRX,IBRX US Equity,IMMUNITYBIO INC,6,Health Care,6,Biotechnology
1191,ICCC,ICCC US Equity,IMMUCELL CORP,6,Health Care,6,Biotechnology
1192,IDYA,IDYA US Equity,IDEAYA BIOSCIENC,6,Health Care,6,Biotechnology
1193,IGMS,IGMS US Equity,IGM BIOSCIENCES,6,Health Care,6,Biotechnology
1194,IKT,IKT US Equity,INHIBIKASE THERA,6,Health Care,6,Biotechnology
1195,IMAB,IMAB US Equity,I-MAB-ADR,6,Health Care,6,Biotechnology
1196,IMMX,IMMX US Equity,IMMIX BIOPHARMA,6,Health Care,6,Biotechnology
1197,IMNM,IMNM US Equity,IMMUNOME INC,6,Health Care,6,Biotechnology
1198,IMNN,IMNN US Equity,IMUNON INC,6,Health Care,6,Biotechnology
1199,IMRX,IMRX US Equity,IMMUNEERING CO-A,6,Health Care,6,Biotechnology
1200,IMUX,IMUX US Equity,IMMUNIC INC,6,Health Care,6,Biotechnology
1201,IMVT,IMVT US Equity,IMMUNOVANT INC,6,Health Care,6,Biotechnology
1202,INAB,INAB US Equity,IN8BIO INC,6,Health Care,6,Biotechnology
1203,INBX,INBX US Equity,INHIBRX BI,6,Health Care,6,Biotechnology
1204,INCY,INCY US Equity,INCYTE CORP,6,Health Care,6,Biotechnology
1205,INDP,INDP US Equity,INDAPTUS THERAPE,6,Health Care,6,Biotechnology
1206,INKT,INKT US Equity,MINK THERAPEUTIC,6,Health Care,6,Biotechnology
1207,INMB,INMB US Equity,INMUNE BIO INC,6,Health Care,6,Biotechnology
1208,INO,INO US Equity,INOVIO PHARMACEU,6,Health Care,6,Biotechnology
1209,INSM,INSM US Equity,INSMED INC,6,Health Care,6,Biotechnology
1210,INTS,INTS US Equity,INTENSITY THERAP,6,Health Care,6,Biotechnology
1211,INZY,INZY US Equity,INOZYME PHARMA I,6,Health Care,6,Biotechnology
1212,IONS,IONS US Equity,IONIS PHARMACEUT,6,Health Care,6,Biotechnology
1213,IOVA,IOVA US Equity,IOVANCE BIOTHERA,6,Health Care,6,Biotechnology
1214,IPSC,IPSC US Equity,CENTURY THERAPEU,6,Health Care,6,Biotechnology
1215,IRD,IRD US Equity,OPUS GENETICS IN,6,Health Care,6,Biotechnology
1216,IRON,IRON US Equity,DISC MEDICINE IN,6,Health Care,6,Biotechnology
1217,IRWD,IRWD US Equity,IRONWOOD PHARMAC,6,Health Care,6,Biotechnology
1218,ITOS,ITOS US Equity,ITEOS THERAPEUTI,6,Health Care,6,Biotechnology
1219,IVVD,IVVD US Equity,INVIVYD INC,6,Health Care,6,Biotechnology
1220,JANX,JANX US Equity,JANUX THERAPEUTI,6,Health Care,6,Biotechnology
1221,JBIO,JBIO US Equity,JADE BIOSCIENCES,6,Health Care,6,Biotechnology
1222,JSPR,JSPR US Equity,JASPER THERAPEUT,6,Health Care,6,Biotechnology
1223,KALA,KALA US Equity,KALA BIO INC,6,Health Care,6,Biotechnology
1224,KALV,KALV US Equity,KALVISTA PHARMAC,6,Health Care,6,Biotechnology
1225,KAPA,KAPA US Equity,KAIROS PHARMA LT,6,Health Care,6,Biotechnology
1226,KLRS,KLRS US Equity,KALARIS THERAPEU,6,Health Care,6,Biotechnology
1227,KLTO,KLTO US Equity,KLOTHO NEUROSCIE,6,Health Care,6,Biotechnology
1228,KNSA,KNSA US Equity,KINIKSA PHARMACE,6,Health Care,6,Biotechnology
1229,KOD,KOD US Equity,KODIAK SCIENCES,6,Health Care,6,Biotechnology
1230,KPTI,KPTI US Equity,KARYOPHARM THERA,6,Health Care,6,Biotechnology
1231,KRON,KRON US Equity,KRONOS BIO INC,6,Health Care,6,Biotechnology
1232,KROS,KROS US Equity,KEROS THERAPEUTI,6,Health Care,6,Biotechnology
1233,KRRO,KRRO US Equity,KORRO BIO INC,6,Health Care,6,Biotechnology
1234,KRYS,KRYS US Equity,KRYSTAL BIOTECH,6,Health Care,6,Biotechnology
1235,KTTA,KTTA US Equity,PASITHEA THERA C,6,Health Care,6,Biotechnology
1236,KURA,KURA US Equity,KURA ONCOLOGY IN,6,Health Care,6,Biotechnology
1237,KYMR,KYMR US Equity,KYMERA THERAPEUT,6,Health Care,6,Biotechnology
1238,KYTX,KYTX US Equity,KYVERNA THERAPEU,6,Health Care,6,Biotechnology
1239,KZR,KZR US Equity,KEZAR LIFE SCIEN,6,Health Care,6,Biotechnology
1240,LCTX,LCTX US Equity,LINEAGE CELL THE,6,Health Care,6,Biotechnology
1241,LEGN,LEGN US Equity,LEGEND BIOT-ADR,6,Health Care,6,Biotechnology
1242,LGVN,LGVN US Equity,LONGEVERON INC-A,6,Health Care,6,Biotechnology
1243,LIMN,LIMN US Equity,LIMINATUS PHAR-A,6,Health Care,6,Biotechnology
1244,LIPO,LIPO US Equity,LIPELLA PHARMACE,6,Health Care,6,Biotechnology
1245,LIXT,LIXT US Equity,LIXTE BIOTECHNOL,6,Health Care,6,Biotechnology
1246,LPTX,LPTX US Equity,LEAP THERAPEUTIC,6,Health Care,6,Biotechnology
1247,LRMR,LRMR US Equity,LARIMAR THERAPEU,6,Health Care,6,Biotechnology
1248,LSTA,LSTA US Equity,LISATA THERAPEUT,6,Health Care,6,Biotechnology
1249,LTRN,LTRN US Equity,LANTERN PHARMA I,6,Health Care,6,Biotechnology
1250,LXEO,LXEO US Equity,LEXEO THERAPEUTI,6,Health Care,6,Biotechnology
1251,LXRX,LXRX US Equity,LEXICON PHARMACE,6,Health Care,6,Biotechnology
1252,LYEL,LYEL US Equity,LYELL IMMUNOPHAR,6,Health Care,6,Biotechnology
1253,MAIA,MAIA US Equity,MAIA BIOTECHNOLO,6,Health Care,6,Biotechnology
1254,MBIO,MBIO US Equity,MUSTANG BIO INC,6,Health Care,6,Biotechnology
1255,MBRX,MBRX US Equity,MOLECULIN BIOTEC,6,Health Care,6,Biotechnology
1256,MCRB,MCRB US Equity,SERES THERAPEUTI,6,Health Care,6,Biotechnology
1257,MDGL,MDGL US Equity,MADRIGAL PHARMAC,6,Health Care,6,Biotechnology
1258,MDXG,MDXG US Equity,MIMEDX GROUP INC,6,Health Care,6,Biotechnology
1259,MEIP,MEIP US Equity,MEI PHARMA INC,6,Health Care,6,Biotechnology
1260,MGNX,MGNX US Equity,MACROGENICS INC,6,Health Care,6,Biotechnology
1261,MGTX,MGTX US Equity,MEIRAGTX HOLDING,6,Health Care,6,Biotechnology
1262,MGX,MGX US Equity,METAGENOMI INC,6,Health Care,6,Biotechnology
1263,MIRM,MIRM US Equity,MIRUM PHARMACEUT,6,Health Care,6,Biotechnology
1264,MLYS,MLYS US Equity,MINERALYS THERAP,6,Health Care,6,Biotechnology
1265,MNKD,MNKD US Equity,MANNKIND CORP,6,Health Care,6,Biotechnology
1266,MNOV,MNOV US Equity,MEDICINOVA INC,6,Health Care,6,Biotechnology
1267,MNPR,MNPR US Equity,MONOPAR THERAPEU,6,Health Care,6,Biotechnology
1268,MRKR,MRKR US Equity,MARKER THERAPEUT,6,Health Care,6,Biotechnology
1269,MRNA,MRNA US Equity,MODERNA INC,6,Health Care,6,Biotechnology
1270,MRSN,MRSN US Equity,MERSANA THERAPEU,6,Health Care,6,Biotechnology
1271,MTNB,MTNB US Equity,MATINAS BIOPHARM,6,Health Care,6,Biotechnology
1272,MTSR,MTSR US Equity,METSERA INC,6,Health Care,6,Biotechnology
1273,MTVA,MTVA US Equity,METAVIA INC,6,Health Care,6,Biotechnology
1274,MYGN,MYGN US Equity,MYRIAD GENETICS,6,Health Care,6,Biotechnology
1275,NBIX,NBIX US Equity,NEUROCRINE BIOSC,6,Health Care,6,Biotechnology
1276,NERV,NERV US Equity,MINERVA NEUROSCI,6,Health Care,6,Biotechnology
1277,NEUP,NEUP US Equity,NEUPHORIA THERAP,6,Health Care,6,Biotechnology
1278,NGNE,NGNE US Equity,NEUROGENE INC,6,Health Care,6,Biotechnology
1279,NKTX,NKTX US Equity,NKARTA INC,6,Health Care,6,Biotechnology
1280,NNVC,NNVC US Equity,NANOVIRICIDES IN,6,Health Care,6,Biotechnology
1281,NRIX,NRIX US Equity,NURIX THERAPEUTI,6,Health Care,6,Biotechnology
1282,NTLA,NTLA US Equity,INTELLIA THERAPE,6,Health Care,6,Biotechnology
1283,NTRA,NTRA US Equity,NATERA INC,6,Health Care,6,Biotechnology
1284,NUVL,NUVL US Equity,NUVALENT INC-A,6,Health Care,6,Biotechnology
1285,NVAX,NVAX US Equity,NOVAVAX INC,6,Health Care,6,Biotechnology
1286,NVCT,NVCT US Equity,NUVECTIS PHARMA,6,Health Care,6,Biotechnology
1287,NXTC,NXTC US Equity,NEXTCURE INC,6,Health Care,6,Biotechnology
1288,OCGN,OCGN US Equity,OCUGEN INC,6,Health Care,6,Biotechnology
1289,OCX,OCX US Equity,ONCOCYTE COR,6,Health Care,6,Biotechnology
1290,OGEN,OGEN US Equity,ORAGENICS INC,6,Health Care,6,Biotechnology
1291,OKUR,OKUR US Equity,ONKURE THERAPEUT,6,Health Care,6,Biotechnology
1292,OLMA,OLMA US Equity,OLEMA PHARMACEUT,6,Health Care,6,Biotechnology
1293,ONC,ONC US Equity,BEONE MEDICINES,6,Health Care,6,Biotechnology
1294,ONCO,ONCO US Equity,ONCONETIX INC,6,Health Care,6,Biotechnology
1295,ORGO,ORGO US Equity,ORGANOGENESIS HO,6,Health Care,6,Biotechnology
1296,ORIC,ORIC US Equity,ORIC PHARMACEUTI,6,Health Care,6,Biotechnology
1297,ORKA,ORKA US Equity,ORUKA THERAPEUTI,6,Health Care,6,Biotechnology
1298,OSTX,OSTX US Equity,OS THERAPIES INC,6,Health Care,6,Biotechnology
1299,OTLK,OTLK US Equity,OUTLOOK THERAPEU,6,Health Care,6,Biotechnology
1300,OVID,OVID US Equity,OVID THERAPEUTIC,6,Health Care,6,Biotechnology
1301,PALI,PALI US Equity,PALISADE BIO INC,6,Health Care,6,Biotechnology
1302,PASG,PASG US Equity,PASSAGE BIO INC,6,Health Care,6,Biotechnology
1303,PBYI,PBYI US Equity,PUMA BIOTECHNOLO,6,Health Care,6,Biotechnology
1304,PCVX,PCVX US Equity,VAXCYTE INC,6,Health Care,6,Biotechnology
1305,PDSB,PDSB US Equity,PDS BIOTECHNOLOG,6,Health Care,6,Biotechnology
1306,PEPG,PEPG US Equity,PEPGEN INC,6,Health Care,6,Biotechnology
1307,PGEN,PGEN US Equity,PRECIGEN INC,6,Health Care,6,Biotechnology
1308,PHIO,PHIO US Equity,PHIO PHARMACEUTI,6,Health Care,6,Biotechnology
1309,PMCB,PMCB US Equity,PHARMACYTE BIOTE,6,Health Care,6,Biotechnology
1310,PMVP,PMVP US Equity,PMV PHARMACEUTIC,6,Health Care,6,Biotechnology
1311,PRAX,PRAX US Equity,PRAXIS PRECISION,6,Health Care,6,Biotechnology
1312,PRLD,PRLD US Equity,PRELUDE THERAPEU,6,Health Care,6,Biotechnology
1313,PRME,PRME US Equity,PRIME MEDICINE I,6,Health Care,6,Biotechnology
1314,PROK,PROK US Equity,PROKIDNEY CORP,6,Health Care,6,Biotechnology
1315,PRTC,PRTC US Equity,PURETECH HE-ADR,6,Health Care,6,Biotechnology
1316,PSTV,PSTV US Equity,PLUS THERAPEUTIC,6,Health Care,6,Biotechnology
1317,PTCT,PTCT US Equity,PTC THERAPEUTICS,6,Health Care,6,Biotechnology
1318,PTGX,PTGX US Equity,PROTAGONIST THER,6,Health Care,6,Biotechnology
1319,PTIX,PTIX US Equity,PROTAGENIC THERA,6,Health Care,6,Biotechnology
1320,PVLA,PVLA US Equity,PALVELLA THERAPE,6,Health Care,6,Biotechnology
1321,PYXS,PYXS US Equity,PYXIS ONCOLOGY I,6,Health Care,6,Biotechnology
1322,QLGN,QLGN US Equity,QUALIGEN THERAPE,6,Health Care,6,Biotechnology
1323,QNCX,QNCX US Equity,QUINCE THERAPEUT,6,Health Care,6,Biotechnology
1324,QTTB,QTTB US Equity,Q32 BIO INC,6,Health Care,6,Biotechnology
1325,RAPT,RAPT US Equity,RAPT THERAPEUTIC,6,Health Care,6,Biotechnology
1326,RARE,RARE US Equity,ULTRAGENYX PHARM,6,Health Care,6,Biotechnology
1327,RCEL,RCEL US Equity,AVITA MEDICAL IN,6,Health Care,6,Biotechnology
1328,RCKT,RCKT US Equity,ROCKET PHARMACEU,6,Health Care,6,Biotechnology
1329,RCUS,RCUS US Equity,ARCUS BIOSCIENCE,6,Health Care,6,Biotechnology
1330,REGN,REGN US Equity,REGENERON PHARM,6,Health Care,6,Biotechnology
1331,RENB,RENB US Equity,RENOVARO INC,6,Health Care,6,Biotechnology
1332,REPL,REPL US Equity,REPLIMUNE GROUP,6,Health Care,6,Biotechnology
1333,REVB,REVB US Equity,REVELATION BIOSC,6,Health Care,6,Biotechnology
1334,RGLS,RGLS US Equity,REGULUS THERAPEU,6,Health Care,6,Biotechnology
1335,RGNX,RGNX US Equity,REGENXBIO INC,6,Health Care,6,Biotechnology
1336,RIGL,RIGL US Equity,RIGEL PHARMACEUT,6,Health Care,6,Biotechnology
1337,RLAY,RLAY US Equity,RELAY THERAPEUTI,6,Health Care,6,Biotechnology
1338,RLYB,RLYB US Equity,RALLYBIO CORP,6,Health Care,6,Biotechnology
1339,RNA,RNA US Equity,AVIDITY BIOSCIEN,6,Health Care,6,Biotechnology
1340,RNAC,RNAC US Equity,CARTESIAN THERAP,6,Health Care,6,Biotechnology
1341,RNAZ,RNAZ US Equity,TRANSCODE THERAP,6,Health Care,6,Biotechnology
1342,RNTX,RNTX US Equity,REIN THERAPEUTIC,6,Health Care,6,Biotechnology
1343,RNXT,RNXT US Equity,RENOVORX INC,6,Health Care,6,Biotechnology
1344,ROIV,ROIV US Equity,ROIVANT SCIENCES,6,Health Care,6,Biotechnology
1345,RVMD,RVMD US Equity,REVOLUTION MEDIC,6,Health Care,6,Biotechnology
1346,RXRX,RXRX US Equity,RECURSION PHAR-A,6,Health Care,6,Biotechnology
1347,RYTM,RYTM US Equity,RHYTHM PHARMACEU,6,Health Care,6,Biotechnology
1348,RZLT,RZLT US Equity,REZOLUTE INC,6,Health Care,6,Biotechnology
1349,SABS,SABS US Equity,SAB BIOTHERAPEUT,6,Health Care,6,Biotechnology
1350,SAGE,SAGE US Equity,SAGE THERAPEUTIC,6,Health Care,6,Biotechnology
1351,SANA,SANA US Equity,SANA BIOTECHNOLO,6,Health Care,6,Biotechnology
1352,SBFM,SBFM US Equity,SUNSHINE BIOPHAR,6,Health Care,6,Biotechnology
1353,SER,SER US Equity,SERINA THERAPEUT,6,Health Care,6,Biotechnology
1354,SERA,SERA US Equity,SERA PROGNOSTI-A,6,Health Care,6,Biotechnology
1355,SGMO,SGMO US Equity,SANGAMO THERAPEU,6,Health Care,6,Biotechnology
1356,SGMT,SGMT US Equity,SAGIMET BIOSCI-A,6,Health Care,6,Biotechnology
1357,SHPH,SHPH US Equity,SHUTTLE PHARMACE,6,Health Care,6,Biotechnology
1358,SILO,SILO US Equity,SILO PHARMA INC,6,Health Care,6,Biotechnology
1359,SION,SION US Equity,SIONNA THERAPEUT,6,Health Care,6,Biotechnology
1360,SKYE,SKYE US Equity,SKYE BIOSCIENCE,6,Health Care,6,Biotechnology
1361,SLDB,SLDB US Equity,SOLID BIOSCIENCE,6,Health Care,6,Biotechnology
1362,SLNO,SLNO US Equity,SOLENO THERAPEUT,6,Health Care,6,Biotechnology
1363,SLRX,SLRX US Equity,SALARIUS PHARMAC,6,Health Care,6,Biotechnology
1364,SLS,SLS US Equity,SELLAS LIFE SCIE,6,Health Care,6,Biotechnology
1365,SMMT,SMMT US Equity,SUMMIT THERAPEUT,6,Health Care,6,Biotechnology
1366,SNDX,SNDX US Equity,SYNDAX PHARMACEU,6,Health Care,6,Biotechnology
1367,SNGX,SNGX US Equity,SOLIGENIX INC,6,Health Care,6,Biotechnology
1368,SNPX,SNPX US Equity,SYNAPTOGENIX INC,6,Health Care,6,Biotechnology
1369,SNSE,SNSE US Equity,SENSEI BIOTHERAP,6,Health Care,6,Biotechnology
1370,SNTI,SNTI US Equity,SENTI BIOSCIENCE,6,Health Care,6,Biotechnology
1371,SONN,SONN US Equity,SONNET BIOTHERAP,6,Health Care,6,Biotechnology
1372,SPRO,SPRO US Equity,SPERO THERAPEUTI,6,Health Care,6,Biotechnology
1373,SPRY,SPRY US Equity,ARS PHARMACEUTIC,6,Health Care,6,Biotechnology
1374,SRPT,SRPT US Equity,SAREPTA THERAPEU,6,Health Care,6,Biotechnology
1375,SRRK,SRRK US Equity,SCHOLAR ROCK HOL,6,Health Care,6,Biotechnology
1376,SRZN,SRZN US Equity,SURROZEN INC,6,Health Care,6,Biotechnology
1377,STOK,STOK US Equity,STOKE THERAPEUTI,6,Health Care,6,Biotechnology
1378,STRO,STRO US Equity,SUTRO BIOPHARMA,6,Health Care,6,Biotechnology
1379,STTK,STTK US Equity,SHATTUCK LABS IN,6,Health Care,6,Biotechnology
1380,SVRA,SVRA US Equity,SAVARA INC,6,Health Care,6,Biotechnology
1381,SWTX,SWTX US Equity,SPRINGWORKS THER,6,Health Care,6,Biotechnology
1382,SYBX,SYBX US Equity,SYNLOGIC INC,6,Health Care,6,Biotechnology
1383,SYRE,SYRE US Equity,SPYRE THERAPEUTI,6,Health Care,6,Biotechnology
1384,TARA,TARA US Equity,PROTARA THERAPEU,6,Health Care,6,Biotechnology
1385,TCRT,TCRT US Equity,ALAUNOS THERAPEU,6,Health Care,6,Biotechnology
1386,TCRX,TCRX US Equity,TSCAN THERAPEUTI,6,Health Care,6,Biotechnology
1387,TECX,TECX US Equity,TECTONIC THERAPE,6,Health Care,6,Biotechnology
1388,TENX,TENX US Equity,TENAX THERAPEUTI,6,Health Care,6,Biotechnology
1389,TGTX,TGTX US Equity,TG THERAPEUTICS,6,Health Care,6,Biotechnology
1390,THAR,THAR US Equity,THARIMMUNE INC,6,Health Care,6,Biotechnology
1391,TIL,TIL US Equity,INSTIL BIO INC,6,Health Care,6,Biotechnology
1392,TLSI,TLSI US Equity,TRISALUS LIFE SC,6,Health Care,6,Biotechnology
1393,TNGX,TNGX US Equity,TANGO THERAPEUTI,6,Health Care,6,Biotechnology
1394,TNXP,TNXP US Equity,TONIX PHARMACEUT,6,Health Care,6,Biotechnology
1395,TNYA,TNYA US Equity,TENAYA THERAPEUT,6,Health Care,6,Biotechnology
1396,TOVX,TOVX US Equity,THERIVA BIOLOGIC,6,Health Care,6,Biotechnology
1397,TPST,TPST US Equity,TEMPEST THERAPEU,6,Health Care,6,Biotechnology
1398,TRDA,TRDA US Equity,ENTRADA THERAPEU,6,Health Care,6,Biotechnology
1399,TRML,TRML US Equity,TOURMALINE BIO I,6,Health Care,6,Biotechnology
1400,TSBX,TSBX US Equity,TURNSTONE BIOLOG,6,Health Care,6,Biotechnology
1401,TSHA,TSHA US Equity,TAYSHA GENE THER,6,Health Care,6,Biotechnology
1402,TVGN,TVGN US Equity,TEVOGEN BIO HOLD,6,Health Care,6,Biotechnology
1403,TVTX,TVTX US Equity,TRAVERE THERAPEU,6,Health Care,6,Biotechnology
1404,TWST,TWST US Equity,TWIST BIOSCIENCE,6,Health Care,6,Biotechnology
1405,TYRA,TYRA US Equity,TYRA BIOSCIENCES,6,Health Care,6,Biotechnology
1406,UBX,UBX US Equity,UNITY BIOTECHNOL,6,Health Care,6,Biotechnology
1407,UNCY,UNCY US Equity,UNICYCIVE THERAP,6,Health Care,6,Biotechnology
1408,UPB,UPB US Equity,UPSTREAM BIO INC,6,Health Care,6,Biotechnology
1409,URGN,URGN US Equity,UROGEN PHARMA LT,6,Health Care,6,Biotechnology
1410,UTHR,UTHR US Equity,UNITED THERAPEUT,6,Health Care,6,Biotechnology
1411,VCEL,VCEL US Equity,VERICEL CORP,6,Health Care,6,Biotechnology
1412,VCYT,VCYT US Equity,VERACYTE INC,6,Health Care,6,Biotechnology
1413,VERA,VERA US Equity,VERA THERAPEUTIC,6,Health Care,6,Biotechnology
1414,VERV,VERV US Equity,VERVE THERAPEUTI,6,Health Care,6,Biotechnology
1415,VIGL,VIGL US Equity,VIGIL NEUROSCIEN,6,Health Care,6,Biotechnology
1416,VIR,VIR US Equity,VIR BIOTECHNOLOG,6,Health Care,6,Biotechnology
1417,VIVS,VIVS US Equity,VIVOSIM LABS INC,6,Health Care,6,Biotechnology
1418,VKTX,VKTX US Equity,VIKING THERAPEUT,6,Health Care,6,Biotechnology
1419,VNDA,VNDA US Equity,VANDA PHARMACEUT,6,Health Care,6,Biotechnology
1420,VOR,VOR US Equity,VOR BIOPHARMA IN,6,Health Care,6,Biotechnology
1421,VRDN,VRDN US Equity,VIRIDIAN THERAPE,6,Health Care,6,Biotechnology
1422,VRTX,VRTX US Equity,VERTEX PHARM,6,Health Care,6,Biotechnology
1423,VSTM,VSTM US Equity,VERASTEM INC,6,Health Care,6,Biotechnology
1424,VTGN,VTGN US Equity,VISTAGEN THERAPE,6,Health Care,6,Biotechnology
1425,VTVT,VTVT US Equity,VTV THERAPEUTI-A,6,Health Care,6,Biotechnology
1426,VXRT,VXRT US Equity,VAXART INC,6,Health Care,6,Biotechnology
1427,VYGR,VYGR US Equity,VOYAGER THERAPEU,6,Health Care,6,Biotechnology
1428,WHWK,WHWK US Equity,WHITEHAWK THERAP,6,Health Care,6,Biotechnology
1429,WINT,WINT US Equity,WINDTREE THERAPE,6,Health Care,6,Biotechnology
1430,XAGE,XAGE US Equity,LONGEVITY HEALTH,6,Health Care,6,Biotechnology
1431,XBIO,XBIO US Equity,XENETIC BIOSCIEN,6,Health Care,6,Biotechnology
1432,XBIT,XBIT US Equity,XBIOTECH INC,6,Health Care,6,Biotechnology
1433,XCUR,XCUR US Equity,EXICURE INC,6,Health Care,6,Biotechnology
1434,XFOR,XFOR US Equity,X4 PHARMACEUTICA,6,Health Care,6,Biotechnology
1435,XGN,XGN US Equity,EXAGEN INC,6,Health Care,6,Biotechnology
1436,XLO,XLO US Equity,XILIO THERAPEUTI,6,Health Care,6,Biotechnology
1437,XNCR,XNCR US Equity,XENCOR INC,6,Health Care,6,Biotechnology
1438,XOMA,XOMA US Equity,XOMA ROYALTY COR,6,Health Care,6,Biotechnology
1439,YMAB,YMAB US Equity,Y-MABS THERAPEUT,6,Health Care,6,Biotechnology
1440,ZBIO,ZBIO US Equity,ZENAS BIOPHARMA,6,Health Care,6,Biotechnology
1441,ZNTL,ZNTL US Equity,ZENTALIS PHARMAC,6,Health Care,6,Biotechnology
1442,ZURA,ZURA US Equity,ZURA BIO LTD,6,Health Care,6,Biotechnology
1443,ZVSA,ZVSA US Equity,ZYVERSA THERAPEU,6,Health Care,6,Biotechnology
1444,ZYME,ZYME US Equity,ZYMEWORKS INC,6,Health Care,6,Biotechnology
